Name,TCG,Amazon,Spread,% Spread
Avatar of Woe ,25.31,2.58,-22.73,9.810077519
Millikin ,3,0.65,-2.35,4.615384615
Wood Elves,4,1.24,-2.76,3.225806452
Jund Panorama,1.89,0.65,-1.24,2.907692308
Star Compass,2.79,1.06,-1.73,2.632075472
Revel in Riches,7.86,3.1,-4.76,2.535483871
Kodama's Reach,5.95,2.4,-3.55,2.479166667
Eerie Interlude,3.98,1.7,-2.28,2.341176471
Primal Growth,2.49,1.07,-1.42,2.327102804
Crystal Vein,3.44,1.58,-1.86,2.17721519
Crux of Fate ,4.99,2.31,-2.68,2.16017316
Bident of Thassa,3.44,1.62,-1.82,2.12345679
Chandra's Ignition,2.84,1.39,-1.45,2.043165468
Bant Panorama,1.89,0.93,-0.96,2.032258065
Sylvan Offering ,5,2.68,-2.32,1.865671642
Surgical Extraction ,36.56,19.88,-16.68,1.839034205
Phyrexian Reclamation,6.98,3.83,-3.15,1.822454308
Castle Vantress,2.99,1.7,-1.29,1.758823529
Inventors' Fair ,5.5,3.33,-2.17,1.651651652
Hunter's Insight,5.98,3.65,-2.33,1.638356164
Chainer's Edict,1.99,1.22,-0.77,1.631147541
Reforge The Soul ,7.68,4.75,-2.93,1.616842105
Wastes  ,1.65,1.04,-0.61,1.586538462
Wastes  ,1.65,1.04,-0.61,1.586538462
Open The Armory ,3.23,2.1,-1.13,1.538095238
Blighted Woodland,1.11,0.74,-0.37,1.5
Urza's Tower,2.96,2,-0.96,1.48
Propaganda ,14.99,10.18,-4.81,1.472495088
Stroke of Genius,3.77,2.58,-1.19,1.46124031
Blighted Woodland ,0.94,0.65,-0.29,1.446153846
Darksteel Ingot,0.99,0.71,-0.28,1.394366197
Ruby Medallion ,12.98,9.34,-3.64,1.389721627
Dragonlair Spider ,0.99,0.72,-0.27,1.375
Song of the Dryads,12.99,9.58,-3.41,1.355949896
Ward of Bones,13.99,10.45,-3.54,1.338755981
Equilibrium,12.57,9.44,-3.13,1.331567797
Victimize,4.74,3.66,-1.08,1.295081967
Cabal Ritual ,7.96,6.18,-1.78,1.28802589
Ramunap Excavator,7,5.46,-1.54,1.282051282
Generous Gift,2.48,1.96,-0.52,1.265306122
Incendiary Command ,4.99,3.98,-1.01,1.253768844
Rishkar's Expertise ,4.44,3.58,-0.86,1.240223464
Twinflame ,1.32,1.07,-0.25,1.23364486
Master of Waves ,5.98,4.88,-1.1,1.225409836
Molten Psyche,2.33,1.91,-0.42,1.219895288
Toxic Deluge ,28.49,23.38,-5.11,1.218562874
Tithe,11.48,9.44,-2.04,1.216101695
Deadeye Navigator ,6.64,5.47,-1.17,1.213893967
Slayers' Stronghold ,1.12,0.93,-0.19,1.204301075
Wild Slash ,4.74,3.94,-0.8,1.203045685
Evolutionary Leap ,0.94,0.79,-0.15,1.189873418
Genesis Wave,5.21,4.4,-0.81,1.184090909
"Sram, Senior Edificer ",4.95,4.19,-0.76,1.181384248
Return to Dust,2.3,1.96,-0.34,1.173469388
The First Sliver,10.83,9.27,-1.56,1.16828479
Skyline Despot ,8.48,7.31,-1.17,1.16005472
Frantic Search,1.93,1.68,-0.25,1.148809524
Finale of Eternity,1.28,1.12,-0.16,1.142857143
Esper Panorama,1.21,1.06,-0.15,1.141509434
Birthing Pod,9.58,8.41,-1.17,1.139120095
Scrap Trawler ,0.84,0.74,-0.1,1.135135135
Castle Garenbrig,2.46,2.18,-0.28,1.128440367
Disrupt Decorum,9.49,8.43,-1.06,1.1257414
Enlightened Tutor,26.96,23.99,-2.97,1.123801584
Warped Landscape ,0.73,0.65,-0.08,1.123076923
Regal Behemoth ,7.49,6.68,-0.81,1.121257485
Pendrell Mists,4.47,3.99,-0.48,1.120300752
Lotus Cobra,11.99,10.78,-1.21,1.112244898
Swiftfoot Boots,2.99,2.69,-0.3,1.111524164
Constant Mists,6.91,6.22,-0.69,1.110932476
Phyrexian Altar,25.49,22.96,-2.53,1.110191638
Scavenging Ooze ,9.98,8.99,-0.99,1.110122358
Arcane Lighthouse ,4.45,4.03,-0.42,1.104218362
Blade of Selves ,15.26,13.88,-1.38,1.099423631
Blast Zone,3.27,2.99,-0.28,1.093645485
"Endrek Sahr, Master Breeder ",3.98,3.65,-0.33,1.090410959
Lotus Field,6.2,5.69,-0.51,1.089630931
Unbreakable Formation,1.99,1.83,-0.16,1.087431694
Rattlechains ,0.77,0.71,-0.06,1.084507042
Carnifex Demon,1.3,1.2,-0.1,1.083333333
Savage Lands,3.39,3.14,-0.25,1.079617834
Caged Sun,9.7,8.99,-0.71,1.078976641
Mind Stone ,1.12,1.04,-0.08,1.076923077
Cavalier of Flame,8.98,8.38,-0.6,1.071599045
Command Beacon ,21.11,19.81,-1.3,1.065623423
Wanderwine Prophets,4.24,3.99,-0.25,1.062656642
Tempt with Reflections ,1.69,1.6,-0.09,1.05625
Glen Elendra Archmage,5.15,4.88,-0.27,1.055327869
Bloodsoaked Champion ,2.11,2,-0.11,1.055
Bolas's Citadel,2.37,2.25,-0.12,1.053333333
Rest in Peace,5.22,4.99,-0.23,1.046092184
"Gadwick, The Wizened",1.38,1.32,-0.06,1.045454545
Prismatic Strands,0.71,0.68,-0.03,1.044117647
Misty Rainforest,70,67.24,-2.76,1.041046996
Demon of Dark Schemes ,1.53,1.47,-0.06,1.040816327
Marble Diamond,3.1,2.99,-0.11,1.036789298
Thorn of The Black Rose ,1.24,1.2,-0.04,1.033333333
Ceremonious Rejection ,0.67,0.65,-0.02,1.030769231
Twilight Mire,6.58,6.4,-0.18,1.028125
Teferi's Puzzle Box,9.64,9.39,-0.25,1.026624068
Worn Powerstone ,2.32,2.26,-0.06,1.026548673
Staff of Domination,34.63,33.92,-0.71,1.020931604
"RAL, Storm Conduit",0.99,0.97,-0.02,1.020618557
Remand ,3.37,3.31,-0.06,1.018126888
Reaper from The Abyss,2.5,2.46,-0.04,1.016260163
Tymna The Weaver ,20.89,20.64,-0.25,1.012112403
"Domri, Anarch of Bolas",1.36,1.35,-0.01,1.007407407
Mana Confluence ,26.44,26.36,-0.08,1.003034901
The Chain Veil ,12.78,12.76,-0.02,1.001567398
Phyrexian Arena,12.98,13,0.02,0.998461538
Lightning Greaves,6.99,7.04,0.05,0.992897727
"Titania, Protector of Argoth ",13.13,13.26,0.13,0.990196078
Grixis Panorama,1.89,1.91,0.02,0.989528796
Recruiter of The Guard ,21.93,22.19,0.26,0.98828301
Throne of the God-Pharaoh,2.28,2.31,0.03,0.987012987
Naya Panorama,0.74,0.75,0.01,0.986666667
Faerie Artisans ,8.5,8.65,0.15,0.98265896
Explosive Vegetation ,2.26,2.3,0.04,0.982608696
Solemn Simulacrum ,5.03,5.12,0.09,0.982421875
Tezzeret The Seeker,13.17,13.42,0.25,0.981371088
Frantic Search,1.02,1.04,0.02,0.980769231
"Chandra, Acolyte of Flame",5.63,5.76,0.13,0.977430556
Shivan Reef ,5.95,6.09,0.14,0.977011494
Overgrown Tomb ,12.9,13.28,0.38,0.971385542
Prized Amalgam ,4.87,5.02,0.15,0.970119522
Flooded Grove,6.37,6.6,0.23,0.965151515
Talisman of Hierarchy,4.1,4.25,0.15,0.964705882
Desertion ,2.99,3.1,0.11,0.964516129
Clifftop Retreat,5.12,5.33,0.21,0.960600375
Sage of Fables,1.81,1.89,0.08,0.957671958
Hexdrinker,7.12,7.44,0.32,0.956989247
Force of Will ,109.99,115.47,5.48,0.952541786
Peacekeeper,2.99,3.14,0.15,0.952229299
Homeward Path ,6.88,7.24,0.36,0.950276243
Wasteland ,26.99,28.41,1.42,0.950017599
Thran Dynamo,4.94,5.2,0.26,0.95
Flameshadow Conjuring ,4.97,5.25,0.28,0.946666667
"Rankle, Master of Pranks",8.97,9.48,0.51,0.946202532
Cavern of Souls,57,60.34,3.34,0.944647
Tolaria West ,9.36,9.95,0.59,0.940703518
"Chandra, Torch of Defiance ",22.39,23.82,1.43,0.939966415
"Teferi, Time Raveler",19.99,21.27,1.28,0.939821345
Canopy Vista ,4.03,4.31,0.28,0.935034803
Leyline of Anticipation,4.44,4.75,0.31,0.934736842
Craterhoof Behemoth,39.59,42.44,2.85,0.932846371
Nevinyrral's Disk,2.59,2.78,0.19,0.931654676
Summoner's Pact ,13.75,14.77,1.02,0.930941097
"Silas Renn, Seeker Adept ",5.61,6.04,0.43,0.928807947
Omniscience ,8.86,9.59,0.73,0.923879041
Game Trail ,7,7.58,0.58,0.92348285
Bedlam Reveler ,2.17,2.35,0.18,0.923404255
Stifle ,3.92,4.25,0.33,0.922352941
Prime Speaker Zegana ,3.68,3.99,0.31,0.922305764
Torrential Gearhulk ,7.33,7.95,0.62,0.922012579
Rekindling Phoenix,9.92,10.76,0.84,0.921933086
Gemhide Sliver,5.49,5.99,0.5,0.916527546
Cascading Cataracts,2.83,3.11,0.28,0.909967846
Sphere of The Suns ,0.59,0.65,0.06,0.907692308
Dig Through Time ,4.82,5.32,0.5,0.906015038
Snapcaster Mage,42.69,47.18,4.49,0.904832556
Hope of Ghirapur,2.65,2.93,0.28,0.90443686
Fiery Islet,7.46,8.25,0.79,0.904242424
Cascade Bluffs,7.73,8.55,0.82,0.904093567
Stranglehold,11.15,12.34,1.19,0.90356564
"Elenda, the Dusk Rose",8.15,9.02,0.87,0.903547672
Stitcher's Supplier,3.79,4.2,0.41,0.902380952
Force of Negation,28.75,31.92,3.17,0.900689223
Commander's Sphere,1.89,2.1,0.21,0.9
Soulfire Grand Master ,3.77,4.19,0.42,0.899761337
Sylvan Scrying ,0.98,1.09,0.11,0.899082569
Blood Moon,12,13.35,1.35,0.898876404
Nim Deathmantle,6.56,7.3,0.74,0.898630137
Viscera Seer,2.56,2.86,0.3,0.895104895
"Gisela, Blade of Goldnight ",7.25,8.1,0.85,0.895061728
Enlightened Tutor ,30.48,34.22,3.74,0.890707189
Lightning Greaves ,6.97,7.83,0.86,0.890166028
Balduvian Rage,2.57,2.9,0.33,0.886206897
Waterlogged Grove,6.59,7.44,0.85,0.885752688
"Pir, Imaginative Rascal",4.15,4.7,0.55,0.882978723
Sword of Truth and Justice,9.39,10.65,1.26,0.881690141
Polluted Delta ,21,23.86,2.86,0.880134116
God-Eternal Bontu,2.63,2.99,0.36,0.879598662
Winds of Abandon,1.75,1.99,0.24,0.879396985
Siren Stormtamer,2.18,2.49,0.31,0.875502008
Sidar Kondo of Jamuraa ,5.37,6.15,0.78,0.873170732
Muscle Sliver,1.65,1.89,0.24,0.873015873
Sapphire Medallion,15.3,17.54,2.24,0.872291904
Wrenn and Six,45.58,52.35,6.77,0.870678128
Sapphire Medallion,14.1,16.23,2.13,0.868761553
Vines of Vastwood ,0.99,1.14,0.15,0.868421053
Fracturing Gust,3.43,3.95,0.52,0.86835443
Bitterblossom,36.98,42.59,5.61,0.868278939
Dream Halls,8.21,9.47,1.26,0.866948258
Chord of Calling ,6.83,7.9,1.07,0.864556962
Temur Battle Rage ,0.56,0.65,0.09,0.861538462
Coalition Relic,5.12,5.95,0.83,0.860504202
Twilight Prophet,12.95,15.09,2.14,0.858184228
Devastation Tide ,1.66,1.94,0.28,0.855670103
Containment Priest ,1.8,2.11,0.31,0.853080569
Tolaria West,8.49,9.96,1.47,0.852409639
Grim Flayer ,10.25,12.03,1.78,0.852036575
Metallic Mimic ,7.5,8.82,1.32,0.850340136
Tormod's Crypt ,0.96,1.13,0.17,0.849557522
Wound Reflection,16.12,18.99,2.87,0.848867825
Monastery Mentor ,23.65,27.88,4.23,0.848278336
Spellshock,4.95,5.85,0.9,0.846153846
Restore Balance,3.34,3.95,0.61,0.84556962
Smothering Tithe,7.94,9.4,1.46,0.844680851
Doom Whisperer ,3.42,4.05,0.63,0.844444444
Oblivion Stone,5.48,6.49,1.01,0.844375963
Cruel Reality,0.81,0.96,0.15,0.84375
Abrupt Decay ,8.3,9.84,1.54,0.843495935
Sacred Foundry ,10.17,12.07,1.9,0.842584921
Murderous Rider,6.19,7.36,1.17,0.841032609
Mishra's Bauble,8.34,9.94,1.6,0.839034205
"Tamiyo, Collector of Tales",1.25,1.49,0.24,0.838926174
Outpost Siege ,0.57,0.68,0.11,0.838235294
Steam Vents ,14.53,17.34,2.81,0.837946943
Grafdigger's Cage,1.66,1.99,0.33,0.834170854
"Neheb, the Eternal",7,8.41,1.41,0.832342449
Intruder Alarm,12.98,15.64,2.66,0.829923274
Pir's Whim,2.14,2.58,0.44,0.829457364
Lifeblood Hydra ,5.1,6.18,1.08,0.825242718
Supreme Verdict ,17.09,20.77,3.68,0.822821377
Griselbrand ,8.18,9.96,1.78,0.821285141
Sunbaked Canyon,9.83,11.99,2.16,0.819849875
Life from The Loam,7.6,9.27,1.67,0.819848975
"K'rrik, Son of Yawgmoth",8.85,10.82,1.97,0.81792976
Eternal Witness ,4.49,5.49,1,0.817850638
As Foretold,6.53,7.99,1.46,0.817271589
Liliana of The Veil,52.47,64.24,11.77,0.816780822
Thought Vessel,7.97,9.81,1.84,0.81243629
Battlefield Forge ,2.2,2.72,0.52,0.808823529
Massacre Wurm,17.09,21.14,4.05,0.808420057
"Baral, Chief of Compliance ",4.84,5.99,1.15,0.808013356
Ancestral Vision,4.97,6.16,1.19,0.806818182
Sol Ring,3.61,4.48,0.87,0.805803571
Sword of the Meek,11.99,14.95,2.96,0.802006689
"Dovin, Grand Arbiter",1.36,1.7,0.34,0.8
Doublecast,0.52,0.65,0.13,0.8
"Vona, Butcher of Magan",3.32,4.15,0.83,0.8
Simian Spirit Guide,2.39,2.99,0.6,0.799331104
Baleful Strix ,4.7,5.88,1.18,0.799319728
Matter Reshaper ,3.28,4.11,0.83,0.798053528
Path of Discovery,2.13,2.68,0.55,0.794776119
Mindbreak Trap ,3.44,4.33,0.89,0.794457275
Nimble Obstructionist,1.04,1.31,0.27,0.79389313
Crucible of Worlds,17.98,22.67,4.69,0.793118659
Metallurgic Summonings ,1.97,2.49,0.52,0.791164659
Spell Queller ,11.96,15.16,3.2,0.788918206
Act of Authority ,1.23,1.56,0.33,0.788461538
Oblivion Sower ,1.75,2.22,0.47,0.788288288
Mission Briefing ,0.95,1.21,0.26,0.785123967
"Ravos, Soultender ",11.06,14.1,3.04,0.784397163
Karn Liberated ,40.27,51.53,11.26,0.781486513
Canyon Slough,1.5,1.93,0.43,0.777202073
Heart of Kiran ,2.65,3.41,0.76,0.7771261
Spirebluff Canal ,10.04,12.98,2.94,0.773497689
"Thalia, Guardian of Thraben",6.83,8.84,2.01,0.772624434
Flooded Strand ,15,19.43,4.43,0.772002059
Thraben Inspector ,0.57,0.74,0.17,0.77027027
Ethereal Armor ,0.5,0.65,0.15,0.769230769
Vengevine,13.66,17.78,4.12,0.768278965
"Valakut, The Molten Pinnacle ",11.96,15.59,3.63,0.767158435
Nature's Will,9.81,12.8,2.99,0.76640625
Essence Warden,1.76,2.31,0.55,0.761904762
"Jace, the Mind Sculptor",87.5,114.99,27.49,0.760935734
The Royal Scions,10.15,13.34,3.19,0.760869565
"Tamiyo, The Moon Sage ",13.28,17.49,4.21,0.759291023
Kalonian Hydra ,10.99,14.48,3.49,0.758977901
Casualties of War,2.75,3.63,0.88,0.757575758
Dimir House Guard,0.75,0.99,0.24,0.757575758
Sweltering Suns,0.56,0.74,0.18,0.756756757
Assassin's Trophy ,15.08,19.96,4.88,0.755511022
Dream Chisel,2.99,3.96,0.97,0.755050505
"Ishkanah, Grafwidow ",1.54,2.04,0.5,0.754901961
Collective Brutality ,11.99,15.89,3.9,0.754562618
Shamanic Revelation,1.06,1.41,0.35,0.75177305
Chord of Calling,5.99,7.99,2,0.749687109
Archmage's Charm,1.49,1.99,0.5,0.748743719
Torment of Hailfire,6.83,9.13,2.3,0.748083242
Cryptic Command,17.94,23.99,6.05,0.747811588
Relic of Progenitus,2.21,2.96,0.75,0.746621622
Inspiring Statuary ,0.53,0.71,0.18,0.746478873
Wake The Dead ,4.5,6.03,1.53,0.746268657
Giver of Runes,3.79,5.08,1.29,0.746062992
Hinterland Harbor,4.72,6.33,1.61,0.745655608
Deploy The Gatewatch ,0.99,1.33,0.34,0.744360902
Sol Ring,3.87,5.2,1.33,0.744230769
Bring to Light ,0.55,0.74,0.19,0.743243243
Primeval Titan,8.99,12.1,3.11,0.742975207
"Nicol Bolas, God-Pharaoh",7.99,10.79,2.8,0.740500463
Windswept Heath ,10.5,14.19,3.69,0.739957717
Aether Vial,18.99,25.75,6.76,0.737475728
Champion of Wits,0.61,0.83,0.22,0.734939759
Sunbird's Invocation,1.42,1.94,0.52,0.731958763
Buried Ruin ,1.42,1.94,0.52,0.731958763
Vigor,4.69,6.42,1.73,0.730529595
Bloodspore Thrinax,2.79,3.82,1.03,0.730366492
Primeval Titan,7.97,10.96,2.99,0.727189781
Coalition Relic,4.98,6.85,1.87,0.727007299
Fiendslayer Paladin ,5.99,8.24,2.25,0.726941748
Merchant Scroll,3.95,5.46,1.51,0.723443223
Arclight Phoenix ,9.37,13.01,3.64,0.720215219
Foreboding Ruins ,3.5,4.88,1.38,0.717213115
Ensnaring Bridge,28.48,39.86,11.38,0.714500753
Moment's Peace,0.87,1.22,0.35,0.713114754
"Kaya, Ghost Assassin ",8.48,11.9,3.42,0.712605042
Flamewake Phoenix ,0.74,1.04,0.3,0.711538462
Distortion Strike,0.46,0.65,0.19,0.707692308
Guardian Idol,0.46,0.65,0.19,0.707692308
Fire Diamond ,2.84,4.03,1.19,0.70471464
"Azor, the Lawbringer",1.67,2.37,0.7,0.70464135
Clever Impersonator,1.75,2.49,0.74,0.702811245
Farseek ,0.59,0.84,0.25,0.702380952
Copperline Gorge,6,8.55,2.55,0.701754386
Venerated Loxodon ,0.94,1.34,0.4,0.701492537
Impact Tremors ,1.29,1.84,0.55,0.701086957
Murderous Rider (Showcase),6.48,9.25,2.77,0.700540541
Collected Company ,14.13,20.2,6.07,0.69950495
Empowered Autogenerator,3.35,4.8,1.45,0.697916667
Descent of The Dragons ,3.74,5.36,1.62,0.697761194
Rest in Peace ,4.17,5.98,1.81,0.697324415
Angel of Invention ,2.48,3.57,1.09,0.694677871
Izzet Signet,1.38,1.99,0.61,0.693467337
Nature's Claim,0.45,0.65,0.2,0.692307692
Runechanter's Pike,0.45,0.65,0.2,0.692307692
Dark Petition ,5.12,7.4,2.28,0.691891892
"Nicol Bolas, Dragon-God",9.4,13.59,4.19,0.691685063
Seaside Citadel,3.25,4.7,1.45,0.691489362
Peregrine Drake ,0.56,0.81,0.25,0.691358025
"Ajani, Adversary of Tyrants",3.49,5.06,1.57,0.68972332
Drift of Phantasms,0.86,1.25,0.39,0.688
Azorius Signet,1.85,2.7,0.85,0.685185185
Splendid Reclamation ,2.85,4.16,1.31,0.685096154
Diluvian Primordial ,1.42,2.08,0.66,0.682692308
Grove of The Burnwillows,7.14,10.46,3.32,0.682600382
"Vorinclex, Voice of Hunger",17,24.99,7.99,0.680272109
Rampaging Ferocidon,3.48,5.12,1.64,0.6796875
Dragon Tempest ,2.97,4.39,1.42,0.676537585
Nihil Spellbomb,0.46,0.68,0.22,0.676470588
Oketra the True,2.09,3.09,1,0.676375405
"Krenko, Tin Street Kingpin",2.83,4.19,1.36,0.675417661
Bloodghast,8.51,12.62,4.11,0.674326466
Horn of Greed ,3.5,5.2,1.7,0.673076923
Izzet Charm ,2.01,2.99,0.98,0.672240803
Mox Amber,13.67,20.38,6.71,0.670755643
Blinding Angel,1.62,2.42,0.8,0.669421488
Cultivate,1.25,1.87,0.62,0.668449198
Cavalier of Gales,5.16,7.72,2.56,0.668393782
Kolaghan's Command ,16.1,24.1,8,0.668049793
"Surrak, The Hunt Caller ",0.5,0.75,0.25,0.666666667
Ogre Slumlord ,4,6.01,2.01,0.665557404
Relic of Progenitus ,1.99,2.99,1,0.665551839
Ponder,1.99,2.99,1,0.665551839
"Kess, Dissident Mage",0.99,1.49,0.5,0.66442953
Flesh Carver ,0.99,1.49,0.5,0.66442953
Crop Rotation ,4.1,6.18,2.08,0.663430421
Watery Grave ,9.46,14.28,4.82,0.662464986
Fulminator Mage,4.8,7.25,2.45,0.662068966
Cackling Counterpart,0.47,0.71,0.24,0.661971831
Merciless Executioner ,0.45,0.68,0.23,0.661764706
Plaxcaster Frogling,0.45,0.68,0.23,0.661764706
Rampant Growth,0.45,0.68,0.23,0.661764706
Harnessed Lightning ,0.43,0.65,0.22,0.661538462
Sol Ring ,3.27,4.95,1.68,0.660606061
Thopter Spy Network ,1.26,1.91,0.65,0.659685864
Norin The Wary,2.5,3.79,1.29,0.659630607
Abrupt Decay,9.11,13.82,4.71,0.65918958
Scavenging Ooze,3.99,6.06,2.07,0.658415842
Harmonize ,1.04,1.58,0.54,0.658227848
Sol Ring ,3.5,5.34,1.84,0.655430712
Command Tower,1.3,1.99,0.69,0.653266332
Rishadan Port,8.48,13.01,4.53,0.651806303
Cataclysm,3.54,5.45,1.91,0.649541284
Dragonlord Ojutai ,8.17,12.59,4.42,0.64892772
Twilight's Call,0.48,0.74,0.26,0.648648649
Reality Acid,0.44,0.68,0.24,0.647058824
Crackling Doom ,0.44,0.68,0.24,0.647058824
Arcane Adaptation,1.3,2.01,0.71,0.646766169
Always Watching ,0.71,1.1,0.39,0.645454545
Scavenging Ooze,5.8,8.99,3.19,0.64516129
Stomping Ground ,8.34,12.93,4.59,0.645011601
Astral Cornucopia ,1.29,2,0.71,0.645
Mind Unbound,0.49,0.76,0.27,0.644736842
Sangromancer ,1.99,3.09,1.1,0.644012945
Sleight of Hand,0.95,1.48,0.53,0.641891892
Druidic Satchel,0.43,0.67,0.24,0.641791045
Runed Halo,0.77,1.2,0.43,0.641666667
Siege Behemoth ,1.75,2.73,0.98,0.641025641
Path to Exile,4.57,7.13,2.56,0.640953717
Thing in The Ice // Awoken Horror ,11.74,18.34,6.6,0.640130862
Desolate Lighthouse ,0.46,0.72,0.26,0.638888889
Sanctum Seeker,1.49,2.35,0.86,0.634042553
Sylvan Awakening,0.43,0.68,0.25,0.632352941
Realm Seekers,0.43,0.68,0.25,0.632352941
Thran Dynamo,5.3,8.39,3.09,0.63170441
Crush of Tentacles ,0.98,1.56,0.58,0.628205128
Warren Instigator ,4.67,7.45,2.78,0.626845638
Swans of Bryn Argoll ,1.12,1.79,0.67,0.625698324
Stomping Ground,7.99,12.78,4.79,0.625195618
Elvish Archdruid ,1.25,2,0.75,0.625
Stolen Strategy,1.69,2.72,1.03,0.621323529
Stony Silence,3.1,4.99,1.89,0.621242485
MOX Tantalite,3.41,5.49,2.08,0.621129326
"Garruk, Primal Hunter",1.8,2.9,1.1,0.620689655
Herald of The Pantheon ,0.44,0.71,0.27,0.61971831
Reckless Bushwhacker ,0.44,0.71,0.27,0.61971831
Goblin Welder ,1.01,1.63,0.62,0.619631902
Thoughtseize,23.4,37.81,14.41,0.618883893
"Rashmi, Eternities Crafter ",1.85,2.99,1.14,0.618729097
Wirewood Symbiote ,0.68,1.1,0.42,0.618181818
Armadillo Cloak,0.42,0.68,0.26,0.617647059
Conjurer's Bauble,0.42,0.68,0.26,0.617647059
Codex Shredder ,0.4,0.65,0.25,0.615384615
Molten Primordial ,0.4,0.65,0.25,0.615384615
Experiment One ,0.91,1.48,0.57,0.614864865
Master Biomancer ,2.6,4.23,1.63,0.61465721
Quasiduplicate ,0.94,1.53,0.59,0.614379085
Flusterstorm,3.78,6.16,2.38,0.613636364
Reality Smasher ,3,4.89,1.89,0.613496933
Life from The Loam,7.97,13,5.03,0.613076923
Urza's Ruinous Blast,0.44,0.72,0.28,0.611111111
Oblivion Stone,4.26,6.98,2.72,0.610315186
Skirk Prospector,1.25,2.05,0.8,0.609756098
True-Name Nemesis,8.49,13.99,5.5,0.606862044
Plague Belcher,0.63,1.04,0.41,0.605769231
Burn at The Stake ,0.86,1.42,0.56,0.605633803
Paradoxical Outcome ,1.27,2.1,0.83,0.604761905
Kami of False Hope,0.41,0.68,0.27,0.602941176
Karn's Temporal Sundering,0.94,1.56,0.62,0.602564103
Hangarback Walker ,9.99,16.6,6.61,0.601807229
"Garruk, Cursed Huntsman",3.39,5.64,2.25,0.60106383
Abbot of Keral Keep ,0.39,0.65,0.26,0.6
Boros Charm ,3.87,6.46,2.59,0.599071207
"Kambal, Consul of Allocation ",1.19,1.99,0.8,0.59798995
Unsettled Mariner,0.95,1.59,0.64,0.597484277
Oath of Kaya,0.59,0.99,0.4,0.595959596
Jace's Sanctum ,0.47,0.79,0.32,0.594936709
Game Plan,0.47,0.79,0.32,0.594936709
Ogre Battledriver,0.69,1.16,0.47,0.594827586
Deprive,2.96,4.99,2.03,0.593186373
Godless Shrine,7.21,12.16,4.95,0.592927632
Dream Fracture ,0.42,0.71,0.29,0.591549296
Battle Hymn ,0.4,0.68,0.28,0.588235294
Approach of the Second Sun,1.08,1.84,0.76,0.586956522
Hazoret the Fervent,4.07,6.95,2.88,0.585611511
Imposing Sovereign ,0.38,0.65,0.27,0.584615385
Wicked Wolf,0.87,1.49,0.62,0.583892617
Sphinx's Revelation ,6.99,12.07,5.08,0.57912179
Stomping Ground,10.99,19.05,8.06,0.576902887
Dream Eater ,0.53,0.92,0.39,0.576086957
Priest of Forgotten Gods,0.95,1.65,0.7,0.575757576
Path to Exile,5,8.69,3.69,0.575373993
"Sorin, Vengeful Bloodlord",1.43,2.49,1.06,0.574297189
Stensia Masquerade ,0.39,0.68,0.29,0.573529412
Kefnet the Mindful,0.57,1,0.43,0.57
Primordial Hydra ,14.24,24.99,10.75,0.569827931
Mob Rule ,0.37,0.65,0.28,0.569230769
Nature's Claim,0.37,0.65,0.28,0.569230769
Snow-Covered Island,0.7,1.23,0.53,0.569105691
Hedron Archive ,0.83,1.46,0.63,0.568493151
Lotus Vale,8.99,15.84,6.85,0.567550505
Overburden,12.51,22.09,9.58,0.566319602
"Mina and Denn, Wildborn ",1.41,2.49,1.08,0.56626506
Ajani Unyielding ,1.69,2.99,1.3,0.565217391
Wurmcoil Engine ,19.56,34.63,15.07,0.564828184
Verdant Sun's Avatar,0.66,1.17,0.51,0.564102564
Stalking Vengeance ,0.89,1.58,0.69,0.563291139
Command Tower ,1.12,1.99,0.87,0.56281407
Scourge of Valkas,1.17,2.09,0.92,0.559808612
Deathrite Shaman ,4.37,7.81,3.44,0.559539052
Whispering Madness ,0.38,0.68,0.3,0.558823529
Fatal Push,5.69,10.19,4.5,0.558390579
Magus of the Candelabra,0.53,0.95,0.42,0.557894737
Mass Manipulation,0.92,1.65,0.73,0.557575758
Master of Etherium,1.99,3.57,1.58,0.557422969
Insidious Will ,0.45,0.81,0.36,0.555555556
Master of The Pearl Trident ,2.37,4.27,1.9,0.555035129
Dance of The Manse,0.56,1.01,0.45,0.554455446
Frontier Siege ,0.36,0.65,0.29,0.553846154
Cathartic Reunion ,0.36,0.65,0.29,0.553846154
Chained to The Rocks ,0.36,0.65,0.29,0.553846154
Elvish Rejuvenator,0.36,0.65,0.29,0.553846154
Aria of Flame,0.69,1.25,0.56,0.552
Choked Estuary ,1.68,3.05,1.37,0.550819672
Eye of Ugin ,6.89,12.53,5.64,0.549880287
"Nissa, Voice of Zendikar ",7.62,13.91,6.29,0.547807333
Stunning Reversal,0.94,1.72,0.78,0.546511628
Brainstorm,0.72,1.32,0.6,0.545454545
Counterflux ,0.62,1.14,0.52,0.543859649
Gray Merchant of Asphodel,1.99,3.66,1.67,0.543715847
Languish ,0.94,1.74,0.8,0.540229885
Clock of Omens ,0.35,0.65,0.3,0.538461538
Azorius Charm ,0.35,0.65,0.3,0.538461538
Syphon Sliver ,3.84,7.14,3.3,0.537815126
Baneslayer Angel,4.99,9.28,4.29,0.537715517
Mausoleum Secrets ,0.5,0.93,0.43,0.537634409
Benthic Biomancer,0.59,1.1,0.51,0.536363636
Masticore,1.36,2.54,1.18,0.535433071
Greenbelt Rampager ,0.38,0.71,0.33,0.535211268
Fierce Empath,0.38,0.71,0.33,0.535211268
Quarantine Field ,0.38,0.71,0.33,0.535211268
Pithing Needle ,3.99,7.46,3.47,0.534852547
Dimir Aqueduct ,1.29,2.42,1.13,0.533057851
Dreadbore ,2.76,5.18,2.42,0.532818533
Relentless Dead,9.34,17.57,8.23,0.531587934
in Garruk's Wake,0.79,1.49,0.7,0.530201342
Sphinx-Bone Wand,0.47,0.89,0.42,0.528089888
Wheel of Fate ,3.25,6.16,2.91,0.527597403
Bomat Courier ,0.67,1.27,0.6,0.527559055
Raving Dead ,1.44,2.73,1.29,0.527472527
See The Unwritten ,0.69,1.31,0.62,0.526717557
Archon of Valor's Reach,0.7,1.33,0.63,0.526315789
"Narset, Enlightened Master ",1.31,2.49,1.18,0.526104418
Arboreal Grazer,0.34,0.65,0.31,0.523076923
Timberwatch Elf,0.34,0.65,0.31,0.523076923
Icon of Ancestry,1.04,1.99,0.95,0.522613065
Brave The Elements ,0.35,0.67,0.32,0.52238806
Tempt with Immortality ,0.35,0.67,0.32,0.52238806
Street Wraith,1.29,2.47,1.18,0.522267206
Siege Rhino ,1.22,2.34,1.12,0.521367521
Putrefax,0.37,0.71,0.34,0.521126761
Saheeli Rai ,2.39,4.61,2.22,0.518438178
Faithless Looting,0.59,1.14,0.55,0.51754386
Sphinx of The Final Word ,1.09,2.11,1.02,0.516587678
Fevered Visions ,0.47,0.91,0.44,0.516483516
"Ezuri, Renegade Leader",1.3,2.52,1.22,0.515873016
Repudiate // Replicate,0.35,0.68,0.33,0.514705882
Jarad's Orders ,0.56,1.09,0.53,0.513761468
Arcbound Ravager,11.2,21.86,10.66,0.512351327
Leyline of Combustion,0.48,0.94,0.46,0.510638298
Snow-Covered Swamp,0.58,1.14,0.56,0.50877193
Thoughtcast,0.33,0.65,0.32,0.507692308
Diviner's Wand,0.33,0.65,0.32,0.507692308
Split Decision ,0.33,0.65,0.32,0.507692308
Dismiss into Dream ,0.33,0.65,0.32,0.507692308
Scrapheap Scrounger ,0.36,0.71,0.35,0.507042254
Ichorid,0.75,1.48,0.73,0.506756757
Ash Barrens,0.6,1.19,0.59,0.504201681
Godless Shrine ,6.49,12.88,6.39,0.503881988
City of Shadows,9.97,19.82,9.85,0.503027245
Temple of Mystery,1,1.99,0.99,0.502512563
"Atarka, World Render",0.5,1,0.5,0.5
Dusk // Dawn,0.44,0.88,0.44,0.5
Golgari Signet,0.34,0.68,0.34,0.5
Thopter Foundry ,1.33,2.67,1.34,0.498127341
Vraska The Unseen,0.99,1.99,1,0.497487437
Sakura-Tribe Elder ,0.74,1.49,0.75,0.496644295
Wishclaw Talisman,0.62,1.25,0.63,0.496
Plea for Guidance ,0.52,1.05,0.53,0.495238095
Edgewalker,1.01,2.04,1.03,0.495098039
Leonin Warleader,0.94,1.9,0.96,0.494736842
Altered Ego ,0.47,0.95,0.48,0.494736842
Hooded Hydra,0.78,1.58,0.8,0.493670886
Aethersphere Harvester ,0.37,0.75,0.38,0.493333333
Gonti's Aether Heart ,0.35,0.71,0.36,0.492957746
Earthlink,0.35,0.71,0.36,0.492957746
Mind Spring,0.32,0.65,0.33,0.492307692
"Djeru, With Eyes Open",0.32,0.65,0.33,0.492307692
Herald of Secret Streams,0.94,1.91,0.97,0.492146597
Rogue's Passage ,0.51,1.04,0.53,0.490384615
Steel Hellkite,0.9,1.84,0.94,0.489130435
Field of Ruin,1.95,3.99,2.04,0.488721805
Lightning Skelemental,0.65,1.33,0.68,0.488721805
Angel's Grace,3.49,7.15,3.66,0.488111888
Ancient Ziggurat,5.1,10.46,5.36,0.487571702
Entreat the Angels,0.97,1.99,1.02,0.487437186
Fumigate ,0.89,1.83,0.94,0.486338798
Blood Moon,30.62,62.98,32.36,0.486186091
Primevals' Glorious Rebirth,0.35,0.72,0.37,0.486111111
Fathom Mage ,0.35,0.72,0.37,0.486111111
Brass's Bounty,0.33,0.68,0.35,0.485294118
"Okaun, Eye of Chaos",0.33,0.68,0.35,0.485294118
Dragonmaster Outcast,1.44,2.99,1.55,0.481605351
Rogue's Passage ,0.5,1.04,0.54,0.480769231
Collective Defiance ,0.36,0.75,0.39,0.48
Vorel of The Hull Clade,0.83,1.73,0.9,0.479768786
Thought Erasure ,1.16,2.43,1.27,0.477366255
Azor's Elocutors ,0.31,0.65,0.34,0.476923077
Bogardan Hellkite ,0.31,0.65,0.34,0.476923077
Goblin Welder,0.59,1.24,0.65,0.475806452
Massacre Girl,0.48,1.01,0.53,0.475247525
Sanguine Bond,1.42,2.99,1.57,0.474916388
Phyrexian Revoker,2.37,5,2.63,0.474
Temple of The False God,0.63,1.33,0.7,0.473684211
Villainous Wealth,0.88,1.86,0.98,0.47311828
Sevinne's Reclamation,2.4,5.08,2.68,0.472440945
Return of The Wildspeaker,0.49,1.04,0.55,0.471153846
Trading Post ,0.49,1.04,0.55,0.471153846
Connive // Concoct ,0.32,0.68,0.36,0.470588235
Vivien's Arkbow,0.32,0.68,0.36,0.470588235
Magus of The Wheel,0.7,1.49,0.79,0.469798658
Hour of Reckoning,0.46,0.98,0.52,0.469387755
Warkite Marauder,0.45,0.96,0.51,0.46875
Simic Signet,0.37,0.79,0.42,0.46835443
"Thrun, The Last Troll",2.99,6.39,3.4,0.467918623
Pyrostatic Pillar,0.36,0.77,0.41,0.467532468
Faerie Formation,0.95,2.04,1.09,0.465686275
FAE of Wishes,0.72,1.55,0.83,0.464516129
Animation Module ,0.78,1.68,0.9,0.464285714
Time Wipe,0.44,0.95,0.51,0.463157895
Irrigated Farmland,0.69,1.49,0.8,0.463087248
Worldspine Wurm ,6,12.96,6.96,0.462962963
"Trostani, Selesnya's Voice",0.92,1.99,1.07,0.462311558
"Iona, Shield of Emeria ",3.46,7.49,4.03,0.461949266
Thrull Parasite ,0.3,0.65,0.35,0.461538462
Abhorrent Overlord ,0.3,0.65,0.35,0.461538462
Impulse,0.3,0.65,0.35,0.461538462
"Tasigur, the Golden Fang ",0.46,1,0.54,0.46
Dictate of Karametra ,0.85,1.85,1,0.459459459
Temple of Silence,0.93,2.03,1.1,0.458128079
Coffin Queen,3.25,7.1,3.85,0.457746479
"Saheeli, Sublime Artificer",0.47,1.03,0.56,0.45631068
Fecundity ,0.43,0.95,0.52,0.452631579
Metalwork Colossus ,0.47,1.04,0.57,0.451923077
Rakdos Charm ,0.47,1.04,0.57,0.451923077
Profane Command,0.47,1.04,0.57,0.451923077
Rampant Growth,0.47,1.04,0.57,0.451923077
Hindering Light,0.47,1.04,0.57,0.451923077
Rattleclaw Mystic ,0.42,0.93,0.51,0.451612903
Breaking // Entering,0.32,0.71,0.39,0.450704225
Spectral Procession,0.59,1.31,0.72,0.450381679
Plaza of Harmony,0.45,1,0.55,0.45
"Chulane, Teller of Tales",3.7,8.24,4.54,0.449029126
Sigil of Distinction,0.48,1.07,0.59,0.448598131
Hero of Precinct One,0.46,1.03,0.57,0.446601942
Concealed Courtyard ,2.09,4.68,2.59,0.446581197
"Kiora, Behemoth Beckoner",0.29,0.65,0.36,0.446153846
Niveous Wisps,0.29,0.65,0.36,0.446153846
Swarm Intelligence,0.54,1.22,0.68,0.442622951
Profane Command,0.46,1.04,0.58,0.442307692
End-Raze Forerunners,0.3,0.68,0.38,0.441176471
Dust to Dust,0.3,0.68,0.38,0.441176471
Crackling Doom ,0.33,0.75,0.42,0.44
Deathrite Shaman ,2.99,6.81,3.82,0.439060206
Sorcerous Spyglass,0.36,0.82,0.46,0.43902439
Declaration in Stone ,1.95,4.46,2.51,0.437219731
Golgari Charm ,0.31,0.71,0.4,0.436619718
Myth Realized ,0.31,0.71,0.4,0.436619718
Reya Dawnbringer,1.3,2.98,1.68,0.436241611
Horned Sliver,3,6.91,3.91,0.434153401
Vona's Hunger,0.36,0.83,0.47,0.43373494
Emeria Shepherd ,0.97,2.24,1.27,0.433035714
Despotic Scepter,0.45,1.04,0.59,0.432692308
Kitesail Freebooter,0.41,0.95,0.54,0.431578947
Simic Charm ,0.66,1.53,0.87,0.431372549
Sangromancer,0.75,1.74,0.99,0.431034483
Rampaging Baloths,0.5,1.16,0.66,0.431034483
Dire Fleet Poisoner,0.56,1.3,0.74,0.430769231
Peregrine Drake,0.49,1.14,0.65,0.429824561
Polyraptor,6.74,15.7,8.96,0.429299363
Leyline of Abundance,1.05,2.45,1.4,0.428571429
Bygone Bishop ,0.32,0.75,0.43,0.426666667
Prowler's Helm ,0.29,0.68,0.39,0.426470588
Planar Guide,0.29,0.68,0.39,0.426470588
Grim Lavamancer,2.98,6.99,4.01,0.426323319
Searing Blaze,6.63,15.61,8.98,0.424727739
Siege-Gang Commander,0.67,1.58,0.91,0.424050633
Wild Ricochet ,0.44,1.04,0.6,0.423076923
Angel of Grace ,0.63,1.49,0.86,0.422818792
Treasure Cruise,0.3,0.71,0.41,0.422535211
Ur-Golem's Eye,0.3,0.71,0.41,0.422535211
"Izoni, Thousand-Eyed ",0.35,0.83,0.48,0.421686747
Knight of The Ebon Legion,4.15,9.87,5.72,0.420466059
Eldrazi Mimic ,0.81,1.93,1.12,0.419689119
Revival // Revenge,0.4,0.96,0.56,0.416666667
Ever After ,0.27,0.65,0.38,0.415384615
Angrath's Marauders,0.27,0.65,0.38,0.415384615
Flesh-Eater Imp,0.27,0.65,0.38,0.415384615
Dakmor Salvage,0.56,1.35,0.79,0.414814815
Glacial Chasm,1.89,4.56,2.67,0.414473684
Mistblade Shinobi,0.82,1.98,1.16,0.414141414
"Angrath, Minotaur Pirate",2.48,5.99,3.51,0.414023372
Shifting Borders,0.45,1.09,0.64,0.412844037
Carrion Feeder,0.39,0.95,0.56,0.410526316
Raven's Crime,0.7,1.71,1.01,0.409356725
Silent-Blade Oni ,0.79,1.93,1.14,0.409326425
Khorvath's Fury,0.56,1.37,0.81,0.408759124
Voltaic Key,1.25,3.06,1.81,0.408496732
Ashcoat Bear,0.85,2.09,1.24,0.406698565
Silhana Ledgewalker,0.4,0.99,0.59,0.404040404
"Josu Vess, Lich Knight",0.42,1.04,0.62,0.403846154
Soulherder,0.79,1.96,1.17,0.403061224
Unbreathing Horde,0.8,1.99,1.19,0.40201005
Ghostly Flicker ,0.49,1.22,0.73,0.401639344
Midnight Reaper ,1.6,3.99,2.39,0.401002506
Whelming Wave ,0.54,1.35,0.81,0.4
Blood Sun,0.5,1.25,0.75,0.4
"Neheb, Dreadhorde Champion",0.38,0.95,0.57,0.4
Aether Hub ,0.26,0.65,0.39,0.4
Oath of Jace ,0.26,0.65,0.39,0.4
Sin Prodder ,0.26,0.65,0.39,0.4
Clackbridge Troll,0.3,0.75,0.45,0.4
Cast Out,0.75,1.88,1.13,0.39893617
Searing Blood ,0.61,1.53,0.92,0.39869281
Kederekt Parasite,1.99,5,3.01,0.398
RAL Zarek ,1.19,2.99,1.8,0.397993311
Brion Stoutarm,0.37,0.93,0.56,0.397849462
Steel Wall,0.27,0.68,0.41,0.397058824
Clockspinning,0.27,0.68,0.41,0.397058824
Drown in The Loch,0.79,1.99,1.2,0.396984925
Stormfist Crusader,0.4,1.01,0.61,0.396039604
"Jace, Cunning Castaway",0.89,2.25,1.36,0.395555556
Hour of Promise,1.24,3.14,1.9,0.394904459
Cry of The Carnarium,0.28,0.71,0.43,0.394366197
Splinterfright,0.78,1.98,1.2,0.393939394
Murderous Redcap,0.39,0.99,0.6,0.393939394
Abhorrent Overlord ,0.39,0.99,0.6,0.393939394
Custodi Lich ,1.19,3.03,1.84,0.392739274
"Tibalt, The Fiend-Blooded ",1.17,2.99,1.82,0.391304348
"Lavinia, Azorius Renegade",0.34,0.87,0.53,0.390804598
Desolate Lighthouse,0.44,1.13,0.69,0.389380531
Tale's End,0.56,1.44,0.88,0.388888889
Jeskai Barricade ,0.33,0.85,0.52,0.388235294
Rewind ,0.38,0.98,0.6,0.387755102
Command Tower,0.96,2.49,1.53,0.385542169
Bane of Bala GED ,0.4,1.04,0.64,0.384615385
Harmless Offering ,0.25,0.65,0.4,0.384615385
Ayula's Influence,0.25,0.65,0.4,0.384615385
"Silumgar, The Drifting Death ",0.25,0.65,0.4,0.384615385
Bonesplitter,0.25,0.65,0.4,0.384615385
Clone,0.25,0.65,0.4,0.384615385
Baral's Expertise ,0.25,0.65,0.4,0.384615385
Goblin Dark-Dwellers ,0.25,0.65,0.4,0.384615385
Setessan Tactics ,0.25,0.65,0.4,0.384615385
Mishra's Factory ,0.25,0.65,0.4,0.384615385
Faerie Trickery,0.25,0.65,0.4,0.384615385
Magmatic Insight ,0.25,0.65,0.4,0.384615385
Falkenrath Noble,0.25,0.65,0.4,0.384615385
Thallid Shell-Dweller,0.25,0.65,0.4,0.384615385
Dead of Winter,0.48,1.25,0.77,0.384
War's Toll,1.24,3.24,2,0.382716049
Tin Street Dodger,0.26,0.68,0.42,0.382352941
Seafloor Oracle,0.26,0.68,0.42,0.382352941
Orzhov Signet ,0.5,1.31,0.81,0.381679389
Mystical Tutor,9.97,26.23,16.26,0.380099123
Sire of Insanity,0.3,0.79,0.49,0.379746835
Desecration Demon ,0.75,1.98,1.23,0.378787879
Rishadan Port,10.21,26.99,16.78,0.378288255
Overseer of The Damned,0.49,1.3,0.81,0.376923077
Warping Wail ,0.35,0.93,0.58,0.376344086
Spiteful Sliver,0.47,1.25,0.78,0.376
Dismember,1.48,3.94,2.46,0.375634518
Siegehorn Ceratops,0.39,1.04,0.65,0.375
"Gonti, Lord of Luxury ",0.49,1.31,0.82,0.374045802
Obscuring Aether ,0.28,0.75,0.47,0.373333333
Circuitous Route ,0.5,1.34,0.84,0.373134328
Jungle Lion,0.29,0.78,0.49,0.371794872
Wellwisher,0.76,2.05,1.29,0.370731707
Choking Sands,0.57,1.54,0.97,0.37012987
Cloudshift ,0.24,0.65,0.41,0.369230769
Fleshbag Marauder,0.24,0.65,0.41,0.369230769
Aqueous Form ,0.24,0.65,0.41,0.369230769
Tragic Slip ,0.24,0.65,0.41,0.369230769
Battle Sliver ,0.24,0.65,0.41,0.369230769
Manglehorn,0.24,0.65,0.41,0.369230769
Growth Spiral,0.28,0.76,0.48,0.368421053
Sungrass Prairie,0.39,1.06,0.67,0.367924528
Goblin Instigator,0.32,0.87,0.55,0.367816092
Grand Warlord Radha,0.25,0.68,0.43,0.367647059
Living Twister,0.25,0.68,0.43,0.367647059
The Antiquities War,0.25,0.68,0.43,0.367647059
Theater of Horrors,0.25,0.68,0.43,0.367647059
Miscalculation,0.25,0.68,0.43,0.367647059
Void Shatter ,0.25,0.68,0.43,0.367647059
Stormchaser Mage ,0.25,0.68,0.43,0.367647059
Pestilence,0.25,0.68,0.43,0.367647059
Skinshifter,0.25,0.68,0.43,0.367647059
Meltdown,0.25,0.68,0.43,0.367647059
Perimeter Captain,0.68,1.85,1.17,0.367567568
Sigil of The Empty Throne,0.41,1.14,0.73,0.359649123
"Rishkar, Peema Renegade ",0.47,1.31,0.84,0.358778626
General Jarkeld,0.48,1.34,0.86,0.358208955
Reef Worm ,1.44,4.03,2.59,0.357320099
Reclamation Sage,0.25,0.7,0.45,0.357142857
Sphinx of Foresight,0.39,1.1,0.71,0.354545455
Dwynen's Elite ,0.28,0.79,0.51,0.35443038
Angel of Glory's Rise ,0.23,0.65,0.42,0.353846154
Titan's Presence ,0.23,0.65,0.42,0.353846154
Abzan Charm,0.23,0.65,0.42,0.353846154
Rogue Refiner ,0.23,0.65,0.42,0.353846154
Striking Sliver,0.23,0.65,0.42,0.353846154
Graveyard Marshal,0.23,0.65,0.42,0.353846154
Release to the Wind,0.23,0.65,0.42,0.353846154
Manakin,0.23,0.65,0.42,0.353846154
Jungle Shrine,0.23,0.65,0.42,0.353846154
Dragonlord Atarka ,3.99,11.28,7.29,0.353723404
Journey to Nowhere,0.35,0.99,0.64,0.353535354
"Jori En, Ruin Diver ",0.24,0.68,0.44,0.352941176
Emerge Unscathed,0.24,0.68,0.44,0.352941176
Dream Stalker,0.24,0.68,0.44,0.352941176
Whirlpool Rider,0.24,0.68,0.44,0.352941176
Shefet Dunes,0.24,0.68,0.44,0.352941176
Smothering Abomination ,0.25,0.71,0.46,0.352112676
Search for Tomorrow,0.25,0.71,0.46,0.352112676
Elvish Mystic,0.25,0.71,0.46,0.352112676
Lavinia of The Tenth,0.25,0.71,0.46,0.352112676
"Gwafa Hazid, Profiteer ",0.26,0.74,0.48,0.351351351
Immortal Servitude ,0.42,1.2,0.78,0.35
Neoform,0.23,0.66,0.43,0.348484848
Clackbridge Troll,0.54,1.55,1.01,0.348387097
Opaline Sliver,1.89,5.45,3.56,0.346788991
Grimoire of The Dead,0.69,1.99,1.3,0.346733668
Font of Agonies ,0.26,0.75,0.49,0.346666667
Hover Barrier ,0.36,1.04,0.68,0.346153846
Wolf-Skull Shaman,0.27,0.78,0.51,0.346153846
Tolarian Winds,0.23,0.67,0.44,0.343283582
Winding Constrictor ,0.37,1.08,0.71,0.342592593
Silverclad Ferocidons,0.5,1.46,0.96,0.342465753
Orzhov Signet,0.51,1.49,0.98,0.342281879
Pyretic Ritual,0.59,1.73,1.14,0.341040462
Elemental Bond ,0.52,1.53,1.01,0.339869281
Shepherd of Rot,0.4,1.18,0.78,0.338983051
Skilled Animator,0.22,0.65,0.43,0.338461538
Strategic Planning,0.22,0.65,0.43,0.338461538
Soul Conduit,0.22,0.65,0.43,0.338461538
Biovisionary ,0.22,0.65,0.43,0.338461538
Nettle Sentinel,0.22,0.65,0.43,0.338461538
Perpetual Timepiece ,0.22,0.65,0.43,0.338461538
Vance's Blasting Cannons,0.22,0.65,0.43,0.338461538
Faceless Butcher,0.22,0.65,0.43,0.338461538
Signal The Clans ,0.22,0.65,0.43,0.338461538
Arcbound Worker,0.23,0.68,0.45,0.338235294
Manakin,0.23,0.68,0.45,0.338235294
Withered Wretch,0.23,0.68,0.45,0.338235294
"Kari Zev, Skyship Raider ",0.24,0.71,0.47,0.338028169
Cast Out,0.24,0.71,0.47,0.338028169
Hypnotic Siren ,0.24,0.71,0.47,0.338028169
Vryn Wingmare ,0.24,0.71,0.47,0.338028169
Mirrodin's Core ,0.24,0.71,0.47,0.338028169
Champion of Rhonas,0.28,0.83,0.55,0.337349398
"Tolsimir, Friend to Wolves",0.31,0.92,0.61,0.336956522
Into The North,0.54,1.61,1.07,0.335403727
Boros Garrison ,0.23,0.69,0.46,0.333333333
Wall of Blossoms,0.45,1.35,0.9,0.333333333
Wall of Blossoms ,0.37,1.12,0.75,0.330357143
Temple Altisaur,0.33,1,0.67,0.33
Whirlpool Drake,0.32,0.97,0.65,0.329896907
Temple of Malady,0.82,2.49,1.67,0.329317269
"Kolaghan, The Storm's Fury ",0.27,0.82,0.55,0.329268293
Groundswell ,0.61,1.86,1.25,0.327956989
Gruul Signet,0.42,1.29,0.87,0.325581395
Psychotic Fury,0.52,1.6,1.08,0.325
"Mavren Fein, Dusk Apostle",0.49,1.51,1.02,0.324503311
Cranial Plating,0.36,1.11,0.75,0.324324324
Pyromancer Ascension,0.23,0.71,0.48,0.323943662
Wingmate ROC ,0.23,0.71,0.48,0.323943662
Nikya of The Old Ways,0.22,0.68,0.46,0.323529412
Viridian Joiner,0.22,0.68,0.46,0.323529412
Prismatic Lens,0.22,0.68,0.46,0.323529412
Kamahl's Druidic Vow,0.22,0.68,0.46,0.323529412
Nighthowler,0.21,0.65,0.44,0.323076923
Servant of The Conduit ,0.21,0.65,0.44,0.323076923
Metallic Rebuke ,0.21,0.65,0.44,0.323076923
Favorable Winds ,0.21,0.65,0.44,0.323076923
Soldier of The Pantheon ,0.21,0.65,0.44,0.323076923
Grim Affliction ,0.21,0.65,0.44,0.323076923
Retreat to Coralhelm ,0.21,0.65,0.44,0.323076923
Executioner's Capsule,0.21,0.65,0.44,0.323076923
Cliffhaven Vampire ,0.42,1.31,0.89,0.320610687
Renegade Doppelganger,0.25,0.78,0.53,0.320512821
Volcanic Vision ,0.24,0.75,0.51,0.32
Souls of The Faultless,0.45,1.41,0.96,0.319148936
"Varolz, The Scar-Striped",0.36,1.14,0.78,0.315789474
Sharuum The Hegemon ,0.44,1.4,0.96,0.314285714
Jund Charm,0.21,0.67,0.46,0.313432836
Mystic Sanctuary,0.39,1.25,0.86,0.312
Vengeful Dead,0.34,1.09,0.75,0.311926606
AEtherling,0.24,0.77,0.53,0.311688312
Dreadhorde Invasion,0.41,1.32,0.91,0.310606061
Skirsdag High Priest,0.36,1.16,0.8,0.310344828
Terramorphic Expanse,0.22,0.71,0.49,0.309859155
Volcanic Fallout,0.22,0.71,0.49,0.309859155
Reach of Branches,0.22,0.71,0.49,0.309859155
Abundant Growth ,0.22,0.71,0.49,0.309859155
Diabolic Tutor ,0.64,2.07,1.43,0.309178744
Vampiric Rites ,0.21,0.68,0.47,0.308823529
"Kumano, Master Yamabushi",0.21,0.68,0.47,0.308823529
Ring of Kalonia ,0.32,1.04,0.72,0.307692308
Flame Slash ,0.2,0.65,0.45,0.307692308
Harrow,0.2,0.65,0.45,0.307692308
Gates Ablaze,0.2,0.65,0.45,0.307692308
Crib Swap,0.2,0.65,0.45,0.307692308
Planar Cleansing,0.2,0.65,0.45,0.307692308
Oath of Liliana ,0.2,0.65,0.45,0.307692308
Agent of Erebos ,0.2,0.65,0.45,0.307692308
"Kasmina, Enigmatic Mentor",0.2,0.65,0.45,0.307692308
Quilled Sliver,0.2,0.65,0.45,0.307692308
Slaughter Games ,0.2,0.65,0.45,0.307692308
Weirding Wood ,0.2,0.65,0.45,0.307692308
"Melek, Izzet Paragon",0.48,1.56,1.08,0.307692308
Collective Effort ,0.23,0.75,0.52,0.306666667
Faithless Looting ,0.38,1.24,0.86,0.306451613
Lightning Bolt ,1,3.28,2.28,0.304878049
Feasting Troll King,0.25,0.82,0.57,0.304878049
Champion of The Parish,0.84,2.76,1.92,0.304347826
Krosan Restorer,0.28,0.92,0.64,0.304347826
Orzhov Basilica,0.24,0.79,0.55,0.303797468
Oath of Gideon ,0.33,1.09,0.76,0.302752294
"Sorin, Lord of Innistrad",3.16,10.44,7.28,0.302681992
Glint-Horn Buccaneer,0.26,0.86,0.6,0.302325581
Genesis,0.31,1.03,0.72,0.300970874
Dictate of The Twin Gods ,0.33,1.1,0.77,0.3
Shaman of The Pack ,0.24,0.8,0.56,0.3
Paradise Druid,0.34,1.14,0.8,0.298245614
Tyrant's Scorn,0.25,0.84,0.59,0.297619048
"Storrev, Devkarin Lich",0.22,0.74,0.52,0.297297297
Genesis Hydra ,0.74,2.49,1.75,0.297188755
Pestilent Spirit,0.3,1.01,0.71,0.297029703
Kaya's Guile,0.59,1.99,1.4,0.296482412
Felidar Guardian ,0.56,1.89,1.33,0.296296296
Biomancer's Familiar,0.32,1.08,0.76,0.296296296
Bellowing Tanglewurm,0.21,0.71,0.5,0.295774648
Heroes' Podium ,0.21,0.71,0.5,0.295774648
Glaring Spotlight ,1.55,5.25,3.7,0.295238095
Fate Unraveler ,0.46,1.56,1.1,0.294871795
Gleancrawler,0.23,0.78,0.55,0.294871795
Otherworld Atlas ,0.33,1.12,0.79,0.294642857
Thran Temporal Gateway,0.43,1.46,1.03,0.294520548
Pontiff of Blight ,0.3,1.02,0.72,0.294117647
Ruins of Oran-Rief ,0.2,0.68,0.48,0.294117647
Mage-Ring Network ,0.2,0.68,0.48,0.294117647
Brainspoil,0.2,0.68,0.48,0.294117647
Vizier of Many Faces,0.2,0.68,0.48,0.294117647
Response // Resurgence ,0.2,0.68,0.48,0.294117647
Hall of Triumph ,0.2,0.68,0.48,0.294117647
Dauntless Bodyguard,0.2,0.68,0.48,0.294117647
Barbarian Ring,0.22,0.75,0.53,0.293333333
"Jiang Yanggu, Wildcrafter",0.19,0.65,0.46,0.292307692
Parhelion II,0.19,0.65,0.46,0.292307692
Sign in Blood,0.19,0.65,0.46,0.292307692
Illusionist's Stratagem ,0.19,0.65,0.46,0.292307692
Grove of The Guardian ,0.19,0.65,0.46,0.292307692
Cautery Sliver,0.19,0.65,0.46,0.292307692
Marionette Master ,0.19,0.65,0.46,0.292307692
Silumgar's Scorn ,0.19,0.65,0.46,0.292307692
Curse of Echoes ,0.19,0.65,0.46,0.292307692
Bala GED Thief ,0.19,0.65,0.46,0.292307692
Citadel Siege ,0.19,0.65,0.46,0.292307692
Together Forever,0.23,0.79,0.56,0.291139241
Followed Footsteps ,0.94,3.24,2.3,0.290123457
from Beyond ,0.38,1.31,0.93,0.290076336
"Etrata, The Silencer",0.35,1.21,0.86,0.289256198
Gaea's Touch,0.75,2.6,1.85,0.288461538
Traverse The Ulvenwald ,1.98,6.87,4.89,0.288209607
Mist-Syndicate Naga,0.29,1.01,0.72,0.287128713
Forked Bolt ,0.29,1.01,0.72,0.287128713
Perplexing Chimera ,0.47,1.64,1.17,0.286585366
Ravager Wurm,0.41,1.44,1.03,0.284722222
Furnace of Rath,1.49,5.24,3.75,0.284351145
Sea Gate Loremaster ,0.27,0.95,0.68,0.284210526
Darksteel Juggernaut,0.46,1.62,1.16,0.283950617
Shrine of The Forsaken Gods ,0.44,1.56,1.12,0.282051282
Grafted Skullcap,0.2,0.71,0.51,0.281690141
Blustersquall ,0.2,0.71,0.51,0.281690141
Memory Crystal,0.2,0.71,0.51,0.281690141
Seal of Primordium,0.2,0.71,0.51,0.281690141
Oblivion Ring ,0.2,0.71,0.51,0.281690141
Deep Forest Hermit,0.27,0.96,0.69,0.28125
Etchings of The Chosen,0.25,0.89,0.64,0.280898876
"Zndrsplt, Eye of Wisdom",0.23,0.82,0.59,0.280487805
"Judith, The Scourge Diva",0.35,1.25,0.9,0.28
Prism Ring ,0.19,0.68,0.49,0.279411765
Acidic Slime,0.19,0.68,0.49,0.279411765
Spell Syphon,0.19,0.68,0.49,0.279411765
Day of Destiny,3.32,11.95,8.63,0.277824268
Call The Gatewatch ,0.28,1.01,0.73,0.277227723
Arbor Elf ,0.18,0.65,0.47,0.276923077
"Kemba, KHA Regent",0.18,0.65,0.47,0.276923077
Blur Sliver ,0.18,0.65,0.47,0.276923077
Displace ,0.18,0.65,0.47,0.276923077
Portent,0.18,0.65,0.47,0.276923077
Blinkmoth Well,0.18,0.65,0.47,0.276923077
Dusk Legion Zealot,0.18,0.65,0.47,0.276923077
Hieroglyphic Illumination,0.18,0.65,0.47,0.276923077
Pristine Talisman ,0.18,0.65,0.47,0.276923077
"Tetsuko Umezawa, Fugitive",0.39,1.41,1.02,0.276595745
Wistful Selkie ,0.24,0.87,0.63,0.275862069
"Atarka, World Render ",0.43,1.56,1.13,0.275641026
Sylvia Brightspear,0.4,1.46,1.06,0.273972603
Helm of the Gods ,1.21,4.44,3.23,0.272522523
Vampire Hexmage ,0.49,1.8,1.31,0.272222222
Essence Capture,0.23,0.85,0.62,0.270588235
Predatory Sliver,0.27,1,0.73,0.27
Arcum's Astrolabe,0.24,0.89,0.65,0.269662921
Sandsteppe Citadel ,0.56,2.08,1.52,0.269230769
Nest Invader,0.21,0.78,0.57,0.269230769
Phyrexian Ingester,0.25,0.93,0.68,0.268817204
Scrapyard Recombiner,0.25,0.93,0.68,0.268817204
Force of Virtue,0.26,0.97,0.71,0.268041237
Barren Moor,0.19,0.71,0.52,0.267605634
Deathgorge Scavenger,0.27,1.01,0.74,0.267326733
Dragon Throne of Tarkir ,0.2,0.75,0.55,0.266666667
Territorial Allosaurus,0.2,0.75,0.55,0.266666667
Aethersnatch ,0.5,1.88,1.38,0.265957447
Hedron Crawler ,0.18,0.68,0.5,0.264705882
Guildmages' Forum ,0.18,0.68,0.5,0.264705882
Conquering Manticore,0.18,0.68,0.5,0.264705882
Dread Slaver ,0.18,0.68,0.5,0.264705882
Rite of Belzenlok,0.18,0.68,0.5,0.264705882
Brutalizer Exarch,0.18,0.68,0.5,0.264705882
"Shirei, Shizo's Caretaker",0.41,1.55,1.14,0.264516129
Crackling Drake ,0.2,0.76,0.56,0.263157895
Soul of Theros ,0.27,1.03,0.76,0.262135922
Desolation Twin,0.39,1.49,1.1,0.261744966
Fanatic of Mogis ,0.17,0.65,0.48,0.261538462
Single Combat,0.17,0.65,0.48,0.261538462
Archaeomancer ,0.17,0.65,0.48,0.261538462
Ruin Raider,0.17,0.65,0.48,0.261538462
Armored Guardian,0.17,0.65,0.48,0.261538462
Shadow of the Grave,0.34,1.31,0.97,0.259541985
Vault Skirge,0.25,0.98,0.73,0.255102041
Torrent Elemental ,0.39,1.53,1.14,0.254901961
Beastcaller Savant ,0.2,0.79,0.59,0.253164557
Sylvan Primordial ,0.2,0.79,0.59,0.253164557
Oran-Rief Hydra ,0.26,1.03,0.77,0.252427184
Alpha Status,0.51,2.04,1.53,0.25
Angelic Accord ,0.33,1.32,0.99,0.25
Awakening of Vitu-Ghazi,0.18,0.72,0.54,0.25
Heliod's Pilgrim ,0.17,0.68,0.51,0.25
Riders of Gavony ,0.17,0.68,0.51,0.25
Dreamstone Hedron,0.17,0.68,0.51,0.25
Thrash // Threat,0.17,0.68,0.51,0.25
Fieldmist Borderpost,0.17,0.68,0.51,0.25
Winged Sliver,0.41,1.65,1.24,0.248484848
"Zegana, Utopian Speaker",0.25,1.01,0.76,0.247524752
Expedite ,0.16,0.65,0.49,0.246153846
Talon Sliver,0.16,0.65,0.49,0.246153846
Angelsong,0.16,0.65,0.49,0.246153846
Caustic Caterpillar ,0.26,1.06,0.8,0.245283019
Dragonmaster Outcast ,1.51,6.18,4.67,0.24433657
Wayward Servant,0.19,0.78,0.59,0.243589744
Corpsejack Menace ,0.39,1.62,1.23,0.240740741
Commence The Endgame,0.19,0.79,0.6,0.240506329
Redirect ,0.25,1.04,0.79,0.240384615
Piper of The Swarm,0.24,1,0.76,0.24
Widespread Brutality,0.17,0.71,0.54,0.23943662
Llanowar Elves,0.17,0.71,0.54,0.23943662
Blood Mist ,0.17,0.71,0.54,0.23943662
Ravenous Trap ,0.41,1.72,1.31,0.238372093
Fiery Temper,0.24,1.01,0.77,0.237623762
Season of Growth,0.18,0.76,0.58,0.236842105
Yawgmoth's Vile Offering,0.17,0.72,0.55,0.236111111
Quick Sliver,0.24,1.02,0.78,0.235294118
Lochmere Serpent,0.16,0.68,0.52,0.235294118
Tuktuk Scrapper,0.16,0.68,0.52,0.235294118
Pack Hunt,0.16,0.68,0.52,0.235294118
Wispmare,0.29,1.24,0.95,0.233870968
Red Elemental Blast,0.24,1.03,0.79,0.233009709
Acidic Slime,0.15,0.65,0.5,0.230769231
Attune with Aether ,0.15,0.65,0.5,0.230769231
Arcbond ,0.15,0.65,0.5,0.230769231
Kaya's Ghostform,0.15,0.65,0.5,0.230769231
Renegade Map ,0.15,0.65,0.5,0.230769231
Painful Truths ,0.15,0.65,0.5,0.230769231
Tome Scour,0.15,0.65,0.5,0.230769231
Scour from Existence ,0.15,0.65,0.5,0.230769231
"Ojutai, Soul of Winter ",0.15,0.65,0.5,0.230769231
Gnaw to The Bone,0.15,0.65,0.5,0.230769231
Cultivator's Caravan ,0.15,0.65,0.5,0.230769231
Trepanation Blade,0.15,0.65,0.5,0.230769231
Memory Lapse ,0.15,0.65,0.5,0.230769231
Veteran's Armaments,0.15,0.65,0.5,0.230769231
Militia Bugler,0.15,0.65,0.5,0.230769231
Serene Master ,0.2,0.87,0.67,0.229885057
"Kopala, Warden of Waves",0.24,1.05,0.81,0.228571429
Armadillo Cloak ,0.42,1.84,1.42,0.22826087
Acidic Sliver,0.47,2.06,1.59,0.22815534
Fathom Fleet Captain,0.23,1.01,0.78,0.227722772
Essence of The Wild,0.3,1.32,1.02,0.227272727
Throne of Empires,0.29,1.28,0.99,0.2265625
Safewright Quest,0.23,1.02,0.79,0.225490196
Wall of Tanglecord,0.16,0.71,0.55,0.225352113
Kari Zev's Expertise ,0.16,0.71,0.55,0.225352113
Wildest Dreams ,0.16,0.71,0.55,0.225352113
Brave The Sands ,0.94,4.19,3.25,0.224343675
Geist-Honored Monk,0.15,0.67,0.52,0.223880597
"Yorvo, Lord of Garenbrig",0.22,0.99,0.77,0.222222222
"Sephara, Sky's Blade",0.44,1.99,1.55,0.221105528
Goblin Cratermaker ,0.15,0.68,0.53,0.220588235
"Naban, Dean of Iteration",0.15,0.68,0.53,0.220588235
Thought Collapse,0.15,0.68,0.53,0.220588235
Verity Circle,0.15,0.68,0.53,0.220588235
Happily Ever After,0.15,0.68,0.53,0.220588235
Kazandu Tuskcaller ,0.24,1.1,0.86,0.218181818
Firebolt,0.17,0.78,0.61,0.217948718
Drana's Emissary ,0.28,1.3,1.02,0.215384615
Harsh Mentor,0.14,0.65,0.51,0.215384615
Read The Bones ,0.14,0.65,0.51,0.215384615
Obelisk of Bant,0.14,0.65,0.51,0.215384615
Nissa's Pilgrimage ,0.14,0.65,0.51,0.215384615
Havoc Festival ,0.14,0.65,0.51,0.215384615
Mana Leak ,0.14,0.65,0.51,0.215384615
Terramorphic Expanse ,0.14,0.65,0.51,0.215384615
Titan's Strength ,0.14,0.65,0.51,0.215384615
Smokebraider,0.14,0.65,0.51,0.215384615
Magus of The Bazaar,0.14,0.65,0.51,0.215384615
Armorcraft Judge ,0.14,0.65,0.51,0.215384615
Revel of The Fallen God ,0.14,0.65,0.51,0.215384615
Damping Matrix,0.14,0.65,0.51,0.215384615
Murderous Cut ,0.14,0.65,0.51,0.215384615
Deadeye Tracker,0.14,0.65,0.51,0.215384615
Gurmag Angler ,0.14,0.65,0.51,0.215384615
Revenge of The Hunted ,0.14,0.65,0.51,0.215384615
Wall of Roots,0.14,0.65,0.51,0.215384615
"Exava, Rakdos Blood Witch",0.14,0.65,0.51,0.215384615
Pyromancer's Gauntlet ,0.14,0.65,0.51,0.215384615
Bloodrage Brawler,0.14,0.65,0.51,0.215384615
Firebolt,0.14,0.65,0.51,0.215384615
Noosegraf Mob ,0.14,0.65,0.51,0.215384615
High Priest of Penance ,0.14,0.65,0.51,0.215384615
Gruul Ragebeast ,0.14,0.65,0.51,0.215384615
The Wanderer,0.2,0.93,0.73,0.215053763
Astral Slide,0.23,1.09,0.86,0.211009174
Vine Mare,0.46,2.19,1.73,0.210045662
Etherium Sculptor,0.17,0.81,0.64,0.209876543
Orzhov Basilica,0.19,0.91,0.72,0.208791209
Stonybrook Banneret,0.41,1.99,1.58,0.206030151
Planar Cleansing ,0.14,0.68,0.54,0.205882353
Dictate of Heliod,0.14,0.68,0.54,0.205882353
Aftershock,0.14,0.68,0.54,0.205882353
Viseling,0.14,0.68,0.54,0.205882353
Bishop of Binding,0.14,0.68,0.54,0.205882353
Viashino Pyromancer,0.14,0.68,0.54,0.205882353
Lightkeeper of Emeria,0.14,0.68,0.54,0.205882353
Coiling Oracle ,0.14,0.68,0.54,0.205882353
Keeper of Tresserhorn,0.14,0.68,0.54,0.205882353
Bonds of Mortality ,0.14,0.68,0.54,0.205882353
Ephemerate,0.18,0.88,0.7,0.204545455
Chandra's Phoenix,0.21,1.03,0.82,0.203883495
Forced Adaptation ,0.15,0.74,0.59,0.202702703
Mortuary Mire ,0.13,0.65,0.52,0.2
Psychic Strike ,0.13,0.65,0.52,0.2
"Samut, Tyrant Smasher",0.13,0.65,0.52,0.2
Llanowar Elves,0.13,0.65,0.52,0.2
Garruk's Horde,0.13,0.65,0.52,0.2
Journey of Discovery,0.13,0.65,0.52,0.2
Dispel ,0.13,0.65,0.52,0.2
Walker of The Wastes ,0.13,0.65,0.52,0.2
Dark Ritual,0.35,1.75,1.4,0.2
Yahenni's Expertise ,0.15,0.75,0.6,0.2
Myr Battlesphere,0.28,1.41,1.13,0.19858156
Bishop of Rebirth,0.14,0.71,0.57,0.197183099
Cloudblazer ,0.14,0.71,0.57,0.197183099
Ill-Gotten Gains,0.14,0.71,0.57,0.197183099
Magus of The Mirror,0.14,0.71,0.57,0.197183099
Goblin Cohort,0.14,0.71,0.57,0.197183099
Serene Heart,0.14,0.71,0.57,0.197183099
Leadership Vacuum,0.19,0.97,0.78,0.195876289
"Silvos, Rogue Elemental ",0.25,1.29,1.04,0.19379845
"Sisay, Weatherlight Captain",0.17,0.88,0.71,0.193181818
Slip Through Space ,0.13,0.68,0.55,0.191176471
Selesnya Sanctuary ,0.13,0.68,0.55,0.191176471
Ready // Willing,0.13,0.68,0.55,0.191176471
Drake Haven,0.13,0.68,0.55,0.191176471
Murder,0.25,1.31,1.06,0.190839695
Witch's Vengeance,0.25,1.31,1.06,0.190839695
Voice of All,0.19,1,0.81,0.19
Vesuvan Shapeshifter,0.18,0.95,0.77,0.189473684
Tornado Elemental,0.25,1.32,1.07,0.189393939
Thopter Assembly,0.18,0.97,0.79,0.18556701
Ulvenwald Mysteries,0.12,0.65,0.53,0.184615385
Enduring Scalelord ,0.12,0.65,0.53,0.184615385
Leviathan,0.12,0.65,0.53,0.184615385
Naya Charm,0.12,0.65,0.53,0.184615385
Messenger Falcons,0.12,0.65,0.53,0.184615385
Trail of Evidence ,0.12,0.65,0.53,0.184615385
Void ,0.12,0.65,0.53,0.184615385
Yasova Dragonclaw ,0.12,0.65,0.53,0.184615385
Precinct Captain ,0.12,0.65,0.53,0.184615385
Seraph of Dawn ,0.12,0.65,0.53,0.184615385
Pride Guardian ,0.12,0.65,0.53,0.184615385
Alchemist's Vial ,0.12,0.65,0.53,0.184615385
Wasteland Viper ,0.12,0.65,0.53,0.184615385
"Kothophed, Soul Hoarder ",0.13,0.71,0.58,0.183098592
Trinket Mage,0.13,0.71,0.58,0.183098592
Volcanic Fallout,0.13,0.71,0.58,0.183098592
Gatecreeper Vine ,0.17,0.93,0.76,0.182795699
Deeproot Waters,0.19,1.04,0.85,0.182692308
Regrowth,0.28,1.54,1.26,0.181818182
"Teyo, The Shieldmage",0.14,0.77,0.63,0.181818182
Essence Harvest ,0.15,0.83,0.68,0.180722892
Swiftblade Vindicator ,0.55,3.05,2.5,0.180327869
Xathrid Demon,0.18,1.01,0.83,0.178217822
Oath of Ajani ,0.34,1.91,1.57,0.178010471
Voltaic Key,1.08,6.07,4.99,0.177924217
Abhorrent Overlord ,0.29,1.63,1.34,0.17791411
Dragon Whisperer ,0.44,2.49,2.05,0.176706827
Sign in Blood ,0.12,0.68,0.56,0.176470588
Dispel ,0.12,0.68,0.56,0.176470588
Scroll of Avacyn ,0.12,0.68,0.56,0.176470588
Steelform Sliver ,0.12,0.68,0.56,0.176470588
Blitz Hellion,0.12,0.68,0.56,0.176470588
Akroan Conscriptor ,0.12,0.68,0.56,0.176470588
Destructive Urge,0.12,0.68,0.56,0.176470588
Warrant // Warden,0.12,0.68,0.56,0.176470588
Wild Cantor,0.12,0.68,0.56,0.176470588
Seal Away,0.12,0.68,0.56,0.176470588
Incubation // Incongruity,0.12,0.68,0.56,0.176470588
Tromokratis ,0.25,1.42,1.17,0.176056338
Flame Rift,0.24,1.37,1.13,0.175182482
Silumgar's Command ,0.13,0.75,0.62,0.173333333
Sarkhan's Triumph ,0.54,3.14,2.6,0.171974522
"Squee, Goblin Nabob",0.28,1.65,1.37,0.16969697
Lord of The Pit,0.5,2.95,2.45,0.169491525
Bloodmad Vampire ,0.11,0.65,0.54,0.169230769
Embermaw Hellion,0.11,0.65,0.54,0.169230769
Emancipation Angel ,0.11,0.65,0.54,0.169230769
Harrow ,0.11,0.65,0.54,0.169230769
Renegade Tactics ,0.11,0.65,0.54,0.169230769
Ghitu Lavarunner,0.11,0.65,0.54,0.169230769
Tendrils of Corruption,0.11,0.65,0.54,0.169230769
Ghost Council of Orzhova ,0.11,0.65,0.54,0.169230769
Butcher of The Horde ,0.11,0.65,0.54,0.169230769
Noggle Ransacker,0.11,0.65,0.54,0.169230769
Blessings of Nature ,0.11,0.65,0.54,0.169230769
Skeleton Key ,0.11,0.65,0.54,0.169230769
Spiritmonger,0.11,0.65,0.54,0.169230769
Flood of Recollection,0.11,0.65,0.54,0.169230769
Wild Mongrel,0.11,0.65,0.54,0.169230769
Reverent Hunter ,0.11,0.65,0.54,0.169230769
Fiery Temper ,0.11,0.65,0.54,0.169230769
Mardu Strike Leader ,0.11,0.65,0.54,0.169230769
Pyroclasm,0.12,0.71,0.59,0.169014085
Jungle Barrier,0.12,0.71,0.59,0.169014085
Death Grasp ,0.12,0.71,0.59,0.169014085
Tangle Angler,0.12,0.71,0.59,0.169014085
Magmaquake ,0.12,0.71,0.59,0.169014085
Rageblood Shaman ,0.15,0.89,0.74,0.168539326
Spell Pierce,0.17,1.02,0.85,0.166666667
Ultimate Price ,0.13,0.78,0.65,0.166666667
Diabolic Tutor ,0.5,3.02,2.52,0.165562914
Engulfing Slagwurm,0.69,4.18,3.49,0.16507177
Rakshasa Vizier ,0.13,0.79,0.66,0.164556962
Scepter of Dominance,0.11,0.68,0.57,0.161764706
Terra Stomper,0.11,0.68,0.57,0.161764706
The Mirari Conjecture,0.11,0.68,0.57,0.161764706
Sanguine Sacrament,0.11,0.68,0.57,0.161764706
Dread Shade,0.11,0.68,0.57,0.161764706
Magma Jet,0.11,0.68,0.57,0.161764706
Word of Seizing,0.11,0.68,0.57,0.161764706
Selesnya Guildgate,0.11,0.68,0.57,0.161764706
Electrolyze ,0.11,0.68,0.57,0.161764706
Migratory Route ,0.11,0.68,0.57,0.161764706
Shrieking Affliction ,0.24,1.49,1.25,0.161073826
"Nahiri, Storm of Stone",0.12,0.75,0.63,0.16
Llanowar Elves,0.12,0.75,0.63,0.16
Treasury Thrull ,0.16,1.01,0.85,0.158415842
Wall of Lost Thoughts,0.74,4.71,3.97,0.157112527
Jace's Phantasm ,0.19,1.21,1.02,0.157024793
Unearth,0.12,0.77,0.65,0.155844156
Mirror of Fate,0.22,1.42,1.2,0.154929577
Bloodbond Vampire ,0.11,0.71,0.6,0.154929577
Ulvenwald Bear ,0.11,0.71,0.6,0.154929577
Weaponcraft Enthusiast ,0.11,0.71,0.6,0.154929577
Embereth Skyblazer,0.23,1.49,1.26,0.154362416
Birthing Boughs,0.1,0.65,0.55,0.153846154
Greenweaver Druid ,0.1,0.65,0.55,0.153846154
"Tymaret, The Murder King ",0.1,0.65,0.55,0.153846154
Skyship Stalker ,0.1,0.65,0.55,0.153846154
Burglar Rat,0.1,0.65,0.55,0.153846154
Merfolk Secretkeeper,0.1,0.65,0.55,0.153846154
Role Reversal,0.1,0.65,0.55,0.153846154
Catacomb Sifter ,0.1,0.65,0.55,0.153846154
Ivy Lane Denizen ,0.1,0.65,0.55,0.153846154
Wayfaring Temple ,0.1,0.65,0.55,0.153846154
Wild Guess ,0.1,0.65,0.55,0.153846154
Dismal Backwater ,0.1,0.65,0.55,0.153846154
Falkenrath Exterminator ,0.1,0.65,0.55,0.153846154
Thornwood Falls ,0.1,0.65,0.55,0.153846154
Kozilek's Channeler ,0.1,0.65,0.55,0.153846154
Bioshift ,0.1,0.65,0.55,0.153846154
Raging Swordtooth,0.1,0.65,0.55,0.153846154
Syncopate ,0.1,0.65,0.55,0.153846154
Biting Rain ,0.1,0.65,0.55,0.153846154
Soul Tithe ,0.1,0.65,0.55,0.153846154
Fleetfeather Sandals ,0.1,0.65,0.55,0.153846154
Zameck Guildmage ,0.1,0.65,0.55,0.153846154
Demon's Horn ,0.1,0.65,0.55,0.153846154
Molten Birth,0.1,0.65,0.55,0.153846154
Cathar's Shield ,0.1,0.65,0.55,0.153846154
Clan Defiance ,0.1,0.65,0.55,0.153846154
Peacewalker Colossus ,0.1,0.65,0.55,0.153846154
"Dovin, Hand of Control",0.1,0.65,0.55,0.153846154
"Jaya, Venerated Firemage",0.1,0.65,0.55,0.153846154
Scampering Scorcher,0.1,0.65,0.55,0.153846154
Deliver Unto Evil,0.1,0.65,0.55,0.153846154
Font of Fertility ,0.1,0.65,0.55,0.153846154
Embodiment of Insight ,0.1,0.65,0.55,0.153846154
Swift Justice ,0.1,0.65,0.55,0.153846154
Scion of Vitu-Ghazi ,0.1,0.65,0.55,0.153846154
Izzet Cluestone,0.1,0.65,0.55,0.153846154
Gutless Ghoul,0.1,0.65,0.55,0.153846154
Escape Artist,0.1,0.65,0.55,0.153846154
Burst Lightning ,0.1,0.65,0.55,0.153846154
Deathcap Cultivator ,0.1,0.65,0.55,0.153846154
Sangrophage,0.1,0.65,0.55,0.153846154
Keldon Marauders ,0.1,0.65,0.55,0.153846154
Overrun ,0.1,0.65,0.55,0.153846154
Cryptborn Horror ,0.1,0.65,0.55,0.153846154
Ragemonger ,0.1,0.65,0.55,0.153846154
Pyreheart Wolf,0.1,0.65,0.55,0.153846154
Eyeless Watcher ,0.1,0.65,0.55,0.153846154
Selesnya Guildgate ,0.1,0.65,0.55,0.153846154
Loreseeker's Stone ,0.1,0.65,0.55,0.153846154
Liliana's Triumph,0.1,0.65,0.55,0.153846154
Tempest Caller,0.1,0.65,0.55,0.153846154
Carrier Thrall ,0.1,0.65,0.55,0.153846154
Foundry of The Consuls ,0.1,0.65,0.55,0.153846154
Basilica Guards ,0.1,0.65,0.55,0.153846154
Bioessence Hydra,0.15,0.98,0.83,0.153061224
Ajani's Aid,0.11,0.72,0.61,0.152777778
Savvy Hunter,0.2,1.31,1.11,0.152671756
"Ob Nixilis, The Hate-Twisted",0.15,0.99,0.84,0.151515152
Ajani's Welcome,0.73,4.83,4.1,0.151138716
Songs of The Damned,0.19,1.26,1.07,0.150793651
Curse of Stalked Prey,0.1,0.67,0.57,0.149253731
Infinite Obliteration ,0.1,0.67,0.57,0.149253731
Corpse Knight,0.18,1.22,1.04,0.147540984
Spawn of Thraxes ,0.15,1.02,0.87,0.147058824
Village Bell-Ringer,0.1,0.68,0.58,0.147058824
Opt,0.1,0.68,0.58,0.147058824
Herald of Dromoka ,0.1,0.68,0.58,0.147058824
Grasp of Darkness ,0.1,0.68,0.58,0.147058824
Scrapbasket,0.1,0.68,0.58,0.147058824
Drake Umbra,0.1,0.68,0.58,0.147058824
Lich's Mastery,0.1,0.68,0.58,0.147058824
Sigil of Valor ,0.1,0.68,0.58,0.147058824
Shimmer of Possibility,0.1,0.68,0.58,0.147058824
Syndic of Tithes ,0.1,0.68,0.58,0.147058824
Disciple of Griselbrand,0.1,0.68,0.58,0.147058824
Treasury Thrull ,0.1,0.68,0.58,0.147058824
Wirewood Herald,0.1,0.68,0.58,0.147058824
Fate Transfer,0.1,0.68,0.58,0.147058824
Crafty Cutpurse,0.1,0.68,0.58,0.147058824
Extractor Demon,0.1,0.68,0.58,0.147058824
Peregrination ,0.1,0.68,0.58,0.147058824
Dead Man's Chest,0.1,0.68,0.58,0.147058824
Mulch,0.1,0.68,0.58,0.147058824
Curator of Mysteries,0.1,0.68,0.58,0.147058824
Infinite Reflection ,0.1,0.68,0.58,0.147058824
Aegis Angel,0.12,0.82,0.7,0.146341463
Fog Bank ,0.19,1.3,1.11,0.146153846
Dark Ritual,0.25,1.72,1.47,0.145348837
"Dwynen, Gilt-Leaf Daen ",0.28,1.93,1.65,0.14507772
Necrogenesis,0.14,0.98,0.84,0.142857143
Ruinous Path ,0.11,0.77,0.66,0.142857143
Grasping Dunes,0.11,0.78,0.67,0.141025641
Phytoburst ,0.1,0.71,0.61,0.14084507
Krenko's Command ,0.1,0.71,0.61,0.14084507
Atarka Monument ,0.1,0.71,0.61,0.14084507
Pedantic Learning,0.1,0.71,0.61,0.14084507
Howlpack Resurgence ,0.45,3.24,2.79,0.138888889
Planar Cleansing ,0.15,1.08,0.93,0.138888889
Regal Caracal,0.14,1.01,0.87,0.138613861
Steward of Valeron,0.09,0.65,0.56,0.138461538
Immolation Shaman,0.09,0.65,0.56,0.138461538
Impassioned Orator,0.09,0.65,0.56,0.138461538
Doom Blade,0.09,0.65,0.56,0.138461538
Warden of Geometries ,0.09,0.65,0.56,0.138461538
Hive Stirrings ,0.09,0.65,0.56,0.138461538
Gem of Becoming ,0.09,0.65,0.56,0.138461538
Llanowar Elves,0.09,0.65,0.56,0.138461538
Dimir Cluestone,0.09,0.65,0.56,0.138461538
Gladecover Scout ,0.09,0.65,0.56,0.138461538
Behind The Scenes ,0.09,0.65,0.56,0.138461538
Feat of Resistance ,0.09,0.65,0.56,0.138461538
Tandem Lookout,0.09,0.65,0.56,0.138461538
Dementia Sliver,0.09,0.65,0.56,0.138461538
Akroan Horse ,0.09,0.65,0.56,0.138461538
Sylvan Ranger,0.09,0.65,0.56,0.138461538
Master Trinketeer ,0.09,0.65,0.56,0.138461538
Acid-Spewer Dragon ,0.09,0.65,0.56,0.138461538
Tranquil Cove,0.09,0.65,0.56,0.138461538
Ulvenwald Observer ,0.09,0.65,0.56,0.138461538
Traitorous Blood,0.09,0.65,0.56,0.138461538
Overblaze,0.09,0.65,0.56,0.138461538
Gaze of The Gorgon,0.09,0.65,0.56,0.138461538
Cult of The Waxing Moon ,0.09,0.65,0.56,0.138461538
Otherworldly Journey ,0.09,0.65,0.56,0.138461538
Aspect of Gorgon ,0.09,0.65,0.56,0.138461538
Rootborn Defenses,0.09,0.65,0.56,0.138461538
Corrupted Crossroads ,0.09,0.65,0.56,0.138461538
Sentinel Totem,0.09,0.65,0.56,0.138461538
Savage Twister,0.09,0.65,0.56,0.138461538
Invocation of Saint Traft ,0.09,0.65,0.56,0.138461538
Zhur-Taa Goblin,0.09,0.65,0.56,0.138461538
Identity Thief ,0.09,0.65,0.56,0.138461538
Kragma Warcaller ,0.09,0.65,0.56,0.138461538
Punishing Fire ,0.09,0.65,0.56,0.138461538
Scatter The Seeds ,0.09,0.65,0.56,0.138461538
Gideon's Intervention,0.09,0.65,0.56,0.138461538
Restoration Specialist ,0.09,0.65,0.56,0.138461538
Fog ,0.09,0.65,0.56,0.138461538
Spectral Sliver,0.09,0.65,0.56,0.138461538
Liliana's Elite ,0.09,0.65,0.56,0.138461538
Grasp of Darkness,0.09,0.65,0.56,0.138461538
Narnam Renegade ,0.09,0.65,0.56,0.138461538
Stasis Snare ,0.09,0.65,0.56,0.138461538
Gnarled Scarhide ,0.09,0.65,0.56,0.138461538
Urban Evolution ,0.09,0.65,0.56,0.138461538
Seer's Sundial,0.09,0.65,0.56,0.138461538
Kefnet's Last Word,0.09,0.65,0.56,0.138461538
Mystic Crusader,0.09,0.65,0.56,0.138461538
Triad of Fates ,0.09,0.65,0.56,0.138461538
Scalding Tongs,0.09,0.65,0.56,0.138461538
Anavolver,0.09,0.65,0.56,0.138461538
Vile Aggregate ,0.09,0.65,0.56,0.138461538
Ingot Chewer,0.09,0.65,0.56,0.138461538
"Huatli, The Sun's Heart",0.09,0.65,0.56,0.138461538
Confirm Suspicions ,0.09,0.65,0.56,0.138461538
Shimian Specter ,0.09,0.65,0.56,0.138461538
Festering Mummy,0.09,0.65,0.56,0.138461538
Nessian Game Warden ,0.09,0.65,0.56,0.138461538
Blessed Breath,0.22,1.59,1.37,0.13836478
Phylactery Lich ,0.14,1.02,0.88,0.137254902
Mana Leak,0.1,0.74,0.64,0.135135135
Ignite The Beacon,0.1,0.74,0.64,0.135135135
Firemane Avenger ,0.14,1.04,0.9,0.134615385
Silent Assassin,0.1,0.75,0.65,0.133333333
Rockslide Elemental,0.11,0.83,0.72,0.13253012
Censor,0.09,0.68,0.59,0.132352941
Monomania,0.09,0.68,0.59,0.132352941
Mistmeadow Witch,0.09,0.68,0.59,0.132352941
Pyrokinesis,0.09,0.68,0.59,0.132352941
Desert Twister ,0.09,0.68,0.59,0.132352941
Shrapnel Blast ,0.09,0.68,0.59,0.132352941
Learn from The Past ,0.09,0.68,0.59,0.132352941
Reprisal ,0.09,0.68,0.59,0.132352941
Whisperer of The Wilds ,0.09,0.68,0.59,0.132352941
Howlgeist ,0.09,0.68,0.59,0.132352941
Fallen Angel,0.09,0.68,0.59,0.132352941
Magma Jet,0.09,0.68,0.59,0.132352941
Dromoka Monument ,0.09,0.68,0.59,0.132352941
Azorius Herald ,0.09,0.68,0.59,0.132352941
Boon Satyr ,0.09,0.68,0.59,0.132352941
Degavolver,0.09,0.68,0.59,0.132352941
Charnelhoard Wurm,0.09,0.68,0.59,0.132352941
Bred for The Hunt ,0.09,0.68,0.59,0.132352941
Pentavus ,0.09,0.68,0.59,0.132352941
Battlewand Oak,0.09,0.68,0.59,0.132352941
Torchling,0.09,0.68,0.59,0.132352941
Zoetic Cavern,0.09,0.68,0.59,0.132352941
Nip Gwyllion,0.09,0.68,0.59,0.132352941
Fall of the Thran,0.09,0.68,0.59,0.132352941
Torrent of Souls,0.09,0.69,0.6,0.130434783
Stormscape Familiar,0.1,0.77,0.67,0.12987013
Crucible of The Spirit Dragon ,0.13,1.01,0.88,0.128712871
Decimator Web,0.2,1.56,1.36,0.128205128
Northern Paladin,0.21,1.65,1.44,0.127272727
Whirler Rogue ,0.09,0.71,0.62,0.126760563
Decoction Module ,0.09,0.71,0.62,0.126760563
Contagious Nim,0.09,0.71,0.62,0.126760563
Doomwake Giant ,0.09,0.71,0.62,0.126760563
Enigma Sphinx,0.09,0.71,0.62,0.126760563
Noggle Hedge-Mage,0.09,0.71,0.62,0.126760563
Nekrataal,0.09,0.71,0.62,0.126760563
Hostile Desert,0.09,0.71,0.62,0.126760563
Satyr Wayfinder ,0.09,0.71,0.62,0.126760563
Azorius Chancery ,0.09,0.71,0.62,0.126760563
Spread The Sickness ,0.09,0.71,0.62,0.126760563
Caller of The Pack ,0.09,0.71,0.62,0.126760563
Tarfire,0.09,0.71,0.62,0.126760563
Innocent Blood ,0.08,0.65,0.57,0.123076923
Aven Wind Guide,0.08,0.65,0.57,0.123076923
Gods Willing ,0.08,0.65,0.57,0.123076923
Herald of Kozilek ,0.08,0.65,0.57,0.123076923
Walk the Plank,0.08,0.65,0.57,0.123076923
Abzan Falconer,0.08,0.65,0.57,0.123076923
Surge of Righteousness ,0.08,0.65,0.57,0.123076923
Crusader of Odric ,0.08,0.65,0.57,0.123076923
Pillory of The Sleepless ,0.08,0.65,0.57,0.123076923
Revitalize,0.08,0.65,0.57,0.123076923
Taunting Elf,0.08,0.65,0.57,0.123076923
Blossoming Sands ,0.08,0.65,0.57,0.123076923
Pale Rider of Trostad ,0.08,0.65,0.57,0.123076923
Fire at Will,0.08,0.65,0.57,0.123076923
Archaeomancer,0.08,0.65,0.57,0.123076923
Lathnu Hellion ,0.08,0.65,0.57,0.123076923
Golgari Keyrune ,0.08,0.65,0.57,0.123076923
Call The Skybreaker,0.08,0.65,0.57,0.123076923
Gilt-Leaf Winnower ,0.08,0.65,0.57,0.123076923
"Kaya, Bane of The Dead",0.08,0.65,0.57,0.123076923
Fortified Rampart ,0.08,0.65,0.57,0.123076923
ICY Blast ,0.08,0.65,0.57,0.123076923
New Perspectives,0.08,0.65,0.57,0.123076923
Honored Crop-Captain,0.08,0.65,0.57,0.123076923
Gaze of Justice,0.08,0.65,0.57,0.123076923
Fossil Find,0.08,0.65,0.57,0.123076923
Squadron Hawk,0.08,0.65,0.57,0.123076923
Distended Mindbender ,0.08,0.65,0.57,0.123076923
Seer's Lantern ,0.08,0.65,0.57,0.123076923
Evangel of Heliod ,0.08,0.65,0.57,0.123076923
Nacatl Savage,0.08,0.65,0.57,0.123076923
Necravolver,0.08,0.65,0.57,0.123076923
Phyrexia's Core,0.08,0.65,0.57,0.123076923
Stoic Rebuttal ,0.08,0.65,0.57,0.123076923
Hapless Researcher,0.08,0.65,0.57,0.123076923
Spidersilk Net ,0.08,0.65,0.57,0.123076923
Duress ,0.08,0.65,0.57,0.123076923
Auriok Salvagers,0.08,0.65,0.57,0.123076923
Magnifying Glass ,0.08,0.65,0.57,0.123076923
Wirewood Hivemaster,0.08,0.65,0.57,0.123076923
Hag Hedge-Mage,0.08,0.65,0.57,0.123076923
Ancient Grudge,0.08,0.65,0.57,0.123076923
Quench,0.08,0.65,0.57,0.123076923
Accorder Paladin,0.08,0.65,0.57,0.123076923
Scroll of The Masters ,0.08,0.65,0.57,0.123076923
Garruk's Packleader ,0.09,0.75,0.66,0.12
Fated Retribution,0.09,0.75,0.66,0.12
Gaze of Granite ,0.09,0.75,0.66,0.12
Mindsparker ,0.09,0.75,0.66,0.12
"Hixus, Prison Warden ",0.09,0.75,0.66,0.12
Merfolk Branchwalker,0.11,0.92,0.81,0.119565217
Blood-Chin Rager ,0.08,0.67,0.59,0.119402985
Verdant Force,0.08,0.68,0.6,0.117647059
Angelic Armaments ,0.08,0.68,0.6,0.117647059
Amplifire ,0.08,0.68,0.6,0.117647059
Viscerid Armor ,0.08,0.68,0.6,0.117647059
Misinformation,0.08,0.68,0.6,0.117647059
Mystic Retrieval ,0.08,0.68,0.6,0.117647059
Accorder's Shield,0.08,0.68,0.6,0.117647059
Levitation,0.08,0.68,0.6,0.117647059
Knight of Obligation ,0.08,0.68,0.6,0.117647059
Barbed Sliver,0.08,0.68,0.6,0.117647059
Angel's Feather,0.08,0.68,0.6,0.117647059
Gravepurge ,0.08,0.68,0.6,0.117647059
Phalanx Leader ,0.08,0.68,0.6,0.117647059
Fiend Hunter,0.08,0.68,0.6,0.117647059
Smuggler's Copter ,0.69,5.88,5.19,0.117346939
Skyknight Vanguard,0.09,0.77,0.68,0.116883117
Goblin Flotilla,0.19,1.67,1.48,0.113772455
Sejiri Steppe,0.08,0.71,0.63,0.112676056
Demonmail Hauberk,0.08,0.71,0.63,0.112676056
Dimir Guildgate,0.08,0.71,0.63,0.112676056
Peer Through Depths ,0.08,0.71,0.63,0.112676056
Two-Headed Giant,0.08,0.71,0.63,0.112676056
Temporal Spring,0.08,0.71,0.63,0.112676056
Astral Drift,0.08,0.71,0.63,0.112676056
Consume The Meek,0.08,0.71,0.63,0.112676056
"Tibalt, Rakish Instigator",0.1,0.91,0.81,0.10989011
Dance with Devils ,0.07,0.65,0.58,0.107692308
Day of the Dragons,0.07,0.65,0.58,0.107692308
Agent of The Fates,0.07,0.65,0.58,0.107692308
Goblin Ruinblaster ,0.07,0.65,0.58,0.107692308
Raise The Alarm ,0.07,0.65,0.58,0.107692308
Etched Oracle,0.07,0.65,0.58,0.107692308
Devils' Playground ,0.07,0.65,0.58,0.107692308
Elvish Visionary,0.07,0.65,0.58,0.107692308
Dissenter's Deliverance,0.07,0.65,0.58,0.107692308
Orzhov Cluestone,0.07,0.65,0.58,0.107692308
Death Ward,0.07,0.65,0.58,0.107692308
Far // Away ,0.07,0.65,0.58,0.107692308
Ravaging Blaze,0.07,0.65,0.58,0.107692308
Ridgescale Tusker ,0.07,0.65,0.58,0.107692308
Latch Seeker ,0.07,0.65,0.58,0.107692308
Eyes in The Skies ,0.07,0.65,0.58,0.107692308
Dread Statuary,0.07,0.65,0.58,0.107692308
Zhur-Taa Druid ,0.07,0.65,0.58,0.107692308
March from The Tomb ,0.07,0.65,0.58,0.107692308
Fabrication Module ,0.07,0.65,0.58,0.107692308
Imminent Doom,0.07,0.65,0.58,0.107692308
Swiftwater Cliffs ,0.07,0.65,0.58,0.107692308
Drogskol Cavalry,0.07,0.65,0.58,0.107692308
Barkhide Troll,0.07,0.65,0.58,0.107692308
Eldrazi Skyspawner ,0.07,0.65,0.58,0.107692308
Clarion Ultimatum,0.07,0.65,0.58,0.107692308
Outland Colossus ,0.07,0.65,0.58,0.107692308
Spectral Rider,0.07,0.65,0.58,0.107692308
Pulse Tracker,0.07,0.65,0.58,0.107692308
Burning Sun's Avatar,0.07,0.65,0.58,0.107692308
Goldmeadow Lookout,0.07,0.65,0.58,0.107692308
Phthisis ,0.07,0.65,0.58,0.107692308
Arctic Aven ,0.07,0.65,0.58,0.107692308
Magmatic Sinkhole,0.07,0.65,0.58,0.107692308
Azorius Guildgate,0.07,0.65,0.58,0.107692308
Dearly Departed,0.07,0.65,0.58,0.107692308
Sylvan Messenger ,0.07,0.65,0.58,0.107692308
Tribute to The Wild,0.07,0.65,0.58,0.107692308
Hellkite Hatchling,0.07,0.65,0.58,0.107692308
Secret Salvage ,0.07,0.65,0.58,0.107692308
Precognitive Perception,0.07,0.65,0.58,0.107692308
Voyaging Satyr ,0.07,0.65,0.58,0.107692308
Assembled Alphas ,0.07,0.65,0.58,0.107692308
Permeating Mass ,0.07,0.65,0.58,0.107692308
Angelic Wall,0.07,0.65,0.58,0.107692308
Wildgrowth Walker,0.07,0.65,0.58,0.107692308
Archetype of Finality ,0.5,4.65,4.15,0.107526882
Serra Angel,0.5,4.66,4.16,0.107296137
Gruesome Slaughter ,0.08,0.75,0.67,0.106666667
Destructive Revelry ,0.08,0.75,0.67,0.106666667
Seek The Horizon ,0.08,0.75,0.67,0.106666667
"Neheb, the Worthy",0.09,0.85,0.76,0.105882353
White Sun's Zenith,0.11,1.04,0.93,0.105769231
Goblin Warchief,0.38,3.66,3.28,0.103825137
Shipbreaker Kraken ,0.07,0.68,0.61,0.102941176
Ankle Shanker ,0.07,0.68,0.61,0.102941176
Furyblade Vampire ,0.07,0.68,0.61,0.102941176
Pale Moon,0.07,0.68,0.61,0.102941176
Veteran Armorsmith,0.07,0.68,0.61,0.102941176
Bloodhall Priest ,0.07,0.68,0.61,0.102941176
Azorius Chancery,0.07,0.68,0.61,0.102941176
Havengul Vampire ,0.07,0.68,0.61,0.102941176
Gallows at Willow Hill ,0.07,0.68,0.61,0.102941176
Fallen Angel,0.07,0.68,0.61,0.102941176
Ancestral Statue ,0.07,0.68,0.61,0.102941176
Illusory Ambusher ,0.07,0.68,0.61,0.102941176
Blink of an Eye,0.07,0.68,0.61,0.102941176
Somberwald Alpha ,0.07,0.68,0.61,0.102941176
Brain in a Jar,0.07,0.68,0.61,0.102941176
Golgari Guildmage,0.07,0.68,0.61,0.102941176
Celestial Flare ,0.07,0.68,0.61,0.102941176
Afterlife,0.07,0.68,0.61,0.102941176
Vine Trellis,0.07,0.71,0.64,0.098591549
Leonin Relic-Warder,0.07,0.71,0.64,0.098591549
Satyr Wayfinder ,0.07,0.71,0.64,0.098591549
Mizzium Skin ,0.07,0.71,0.64,0.098591549
Thud,0.11,1.15,1.04,0.095652174
Acidic Slime ,0.08,0.84,0.76,0.095238095
Nissa's Renewal ,0.1,1.05,0.95,0.095238095
Defy Death ,0.1,1.05,0.95,0.095238095
Impassioned Orator,0.11,1.16,1.05,0.094827586
Diamond Kaleidoscope,0.24,2.54,2.3,0.094488189
Dreamstone Hedron,0.09,0.96,0.87,0.09375
Storm Seeker,0.09,0.96,0.87,0.09375
Mindswipe ,0.07,0.75,0.68,0.093333333
Evolving Wilds,0.06,0.65,0.59,0.092307692
Jungle Hollow ,0.06,0.65,0.59,0.092307692
Blossoming Sands ,0.06,0.65,0.59,0.092307692
Lightning Strike,0.06,0.65,0.59,0.092307692
Wind-Scarred Crag ,0.06,0.65,0.59,0.092307692
Sunscorched Desert,0.06,0.65,0.59,0.092307692
Death Denied ,0.06,0.65,0.59,0.092307692
Gold Myr,0.06,0.65,0.59,0.092307692
Monk Idealist ,0.06,0.65,0.59,0.092307692
Incendiary Flow ,0.06,0.65,0.59,0.092307692
"Depala, Pilot Exemplar ",0.06,0.65,0.59,0.092307692
Shelter,0.06,0.65,0.59,0.092307692
Grim Guardian,0.06,0.65,0.59,0.092307692
Crash Through,0.06,0.65,0.59,0.092307692
Secluded Steppe,0.06,0.65,0.59,0.092307692
Lightning Strike ,0.06,0.65,0.59,0.092307692
Aven Riftwatcher ,0.06,0.65,0.59,0.092307692
Meandering River,0.06,0.65,0.59,0.092307692
Nylea's Disciple ,0.06,0.65,0.59,0.092307692
Akroan Crusader ,0.06,0.65,0.59,0.092307692
Arcbound Stinger,0.06,0.65,0.59,0.092307692
Crater's Claws ,0.06,0.65,0.59,0.092307692
Jeskai Charm ,0.06,0.65,0.59,0.092307692
Thought Harvester ,0.06,0.65,0.59,0.092307692
Overrun,0.06,0.65,0.59,0.092307692
Restore ,0.06,0.65,0.59,0.092307692
Voice of Reason,0.06,0.65,0.59,0.092307692
Cradle of the Accursed,0.06,0.65,0.59,0.092307692
Bone Saw ,0.06,0.65,0.59,0.092307692
Rolling Thunder ,0.06,0.65,0.59,0.092307692
Gnarlwood Dryad ,0.06,0.65,0.59,0.092307692
Mindmelter ,0.06,0.65,0.59,0.092307692
Thrashing Brontodon,0.09,0.99,0.9,0.090909091
Auratouched Mage ,0.09,1,0.91,0.09
Vinelasher Kudzu ,0.09,1.01,0.92,0.089108911
Fiend Hunter,0.07,0.79,0.72,0.088607595
Sanctuary Cat ,0.06,0.68,0.62,0.088235294
Goblin Banneret ,0.06,0.68,0.62,0.088235294
Goblin Battle Jester ,0.06,0.68,0.62,0.088235294
Dimensional Infiltrator ,0.06,0.68,0.62,0.088235294
Bloodthrone Vampire,0.06,0.68,0.62,0.088235294
Master Splicer,0.06,0.68,0.62,0.088235294
Sengir Vampire ,0.06,0.68,0.62,0.088235294
Human Token,0.06,0.68,0.62,0.088235294
Netcaster Spider ,0.06,0.68,0.62,0.088235294
Deadly Allure ,0.06,0.68,0.62,0.088235294
Vapor Snag,0.09,1.03,0.94,0.087378641
Charmbreaker Devils,0.09,1.04,0.95,0.086538462
Martial Law ,0.06,0.71,0.65,0.084507042
Nemesis of Mortals ,0.06,0.71,0.65,0.084507042
Battle-Mad Ronin,0.06,0.71,0.65,0.084507042
Fleet Swallower,0.25,3.03,2.78,0.082508251
Staff of The Death Magus ,0.06,0.75,0.69,0.08
Hellion Crucible ,0.06,0.75,0.69,0.08
Key to The City ,0.06,0.75,0.69,0.08
Herdchaser Dragon ,0.06,0.75,0.69,0.08
Darksteel Sentinel,0.07,0.89,0.82,0.078651685
Ajani's Sunstriker ,0.05,0.65,0.6,0.076923077
Moonblade Shinobi,0.05,0.65,0.6,0.076923077
Psychic Barrier,0.05,0.65,0.6,0.076923077
Crumbling Vestige ,0.05,0.65,0.6,0.076923077
Scoured Barrens ,0.05,0.65,0.6,0.076923077
Universal Automaton,0.05,0.65,0.6,0.076923077
Avacyn's Pilgrim,0.05,0.65,0.6,0.076923077
Bishop's Soldier,0.05,0.65,0.6,0.076923077
Magma Jet,0.05,0.65,0.6,0.076923077
Clear The Mind,0.05,0.65,0.6,0.076923077
Rugged Highlands ,0.05,0.65,0.6,0.076923077
Drown in Sorrow ,0.05,0.65,0.6,0.076923077
Tower Defense ,0.05,0.65,0.6,0.076923077
Archweaver ,0.05,0.65,0.6,0.076923077
Noggle Bandit,0.05,0.65,0.6,0.076923077
Borrowed Hostility ,0.05,0.65,0.6,0.076923077
Boros Cluestone,0.05,0.65,0.6,0.076923077
Pelakka Wurm,0.05,0.65,0.6,0.076923077
Algae Gharial ,0.05,0.65,0.6,0.076923077
Dungeon Geists,0.05,0.65,0.6,0.076923077
Kjeldoran Home Guard,0.05,0.65,0.6,0.076923077
Sultai Banner ,0.05,0.65,0.6,0.076923077
Infernal Plunge,0.05,0.65,0.6,0.076923077
Regal Bloodlord,0.05,0.65,0.6,0.076923077
Compulsive Research,0.05,0.65,0.6,0.076923077
Disdainful Stroke ,0.05,0.65,0.6,0.076923077
Acrobatic Maneuver ,0.05,0.65,0.6,0.076923077
Prophetic Prism ,0.05,0.65,0.6,0.076923077
Shepherd of the Lost,0.05,0.65,0.6,0.076923077
Captain's Call ,0.05,0.65,0.6,0.076923077
Gallows Warden,0.05,0.65,0.6,0.076923077
Korozda Guildmage ,0.05,0.65,0.6,0.076923077
Glyph Keeper,0.05,0.65,0.6,0.076923077
Shreds of Sanity ,0.05,0.65,0.6,0.076923077
Ethersworn Shieldmage,0.05,0.65,0.6,0.076923077
Perilous Myr,0.05,0.65,0.6,0.076923077
Deadlock Trap ,0.05,0.65,0.6,0.076923077
Firemind's Foresight ,0.05,0.65,0.6,0.076923077
Corrupted Roots,0.05,0.65,0.6,0.076923077
Hedron Alignment ,0.05,0.65,0.6,0.076923077
Gustcloak Savior,0.05,0.65,0.6,0.076923077
Kingpin's Pet ,0.05,0.65,0.6,0.076923077
Anax and Cymede,0.05,0.65,0.6,0.076923077
Scion Summoner ,0.05,0.65,0.6,0.076923077
Brutal Expulsion ,0.05,0.65,0.6,0.076923077
Daring Saboteur,0.05,0.65,0.6,0.076923077
Gideon's Phalanx ,0.05,0.65,0.6,0.076923077
Gravepurge ,0.05,0.65,0.6,0.076923077
Horde of Notions ,0.27,3.66,3.39,0.073770492
Ipnu Rivulet,0.05,0.68,0.63,0.073529412
Drought,0.05,0.68,0.63,0.073529412
Servo Schematic ,0.05,0.68,0.63,0.073529412
Combine Guildmage,0.05,0.68,0.63,0.073529412
Boonweaver Giant ,0.05,0.68,0.63,0.073529412
Disfigure,0.05,0.68,0.63,0.073529412
Kraken Hatchling,0.05,0.68,0.63,0.073529412
Avacyn's Collar ,0.05,0.68,0.63,0.073529412
Tracker's Instincts ,0.05,0.68,0.63,0.073529412
Emmara Tandris,0.15,2.05,1.9,0.073170732
Crypt Rats,0.09,1.25,1.16,0.072
Vital Splicer,0.05,0.71,0.66,0.070422535
Sift Through Sands,0.05,0.71,0.66,0.070422535
Clone ,0.09,1.35,1.26,0.066666667
Groundshaker Sliver,0.05,0.75,0.7,0.066666667
Disenchant,0.05,0.78,0.73,0.064102564
Lancer Sliver,0.04,0.65,0.61,0.061538462
Balustrade Spy ,0.04,0.65,0.61,0.061538462
Typhoid Rats ,0.04,0.65,0.61,0.061538462
Awaken The Bear ,0.04,0.65,0.61,0.061538462
Workshop Assistant ,0.04,0.65,0.61,0.061538462
"Atemsis, All-Seeing",0.04,0.65,0.61,0.061538462
Myrsmith,0.04,0.65,0.61,0.061538462
Builder's Blessing ,0.04,0.65,0.61,0.061538462
Devour Flesh ,0.04,0.65,0.61,0.061538462
Kozilek's Pathfinder ,0.04,0.65,0.61,0.061538462
Banisher Priest ,0.04,0.65,0.61,0.061538462
Negate ,0.04,0.65,0.61,0.061538462
Bishop of the Bloodstained,0.04,0.65,0.61,0.061538462
Call of The Conclave ,0.04,0.65,0.61,0.061538462
Goblin Electromancer ,0.04,0.65,0.61,0.061538462
Chief of The Foundry ,0.04,0.65,0.61,0.061538462
Ghastly Discovery,0.04,0.65,0.61,0.061538462
Blighted Steppe ,0.04,0.65,0.61,0.061538462
Auramancer ,0.04,0.65,0.61,0.061538462
Chief of The Scale ,0.04,0.65,0.61,0.061538462
Carrion Rats,0.04,0.65,0.61,0.061538462
Reclaim ,0.04,0.65,0.61,0.061538462
Copperhorn Scout ,0.04,0.65,0.61,0.061538462
Ninja of The New Moon,0.04,0.65,0.61,0.061538462
Gnarlroot Trapper ,0.04,0.65,0.61,0.061538462
Mesa Pegasus,0.04,0.65,0.61,0.061538462
Open The Gates,0.04,0.65,0.61,0.061538462
Brood Butcher,0.04,0.65,0.61,0.061538462
Vampire Outcasts ,0.04,0.65,0.61,0.061538462
Ballynock Cohort,0.04,0.65,0.61,0.061538462
Kithkin Healer,0.04,0.65,0.61,0.061538462
Shanodin Dryads,0.04,0.66,0.62,0.060606061
Tranquil Cove ,0.04,0.68,0.64,0.058823529
Scars of The Veteran,0.04,0.68,0.64,0.058823529
Larger Than Life ,0.04,0.68,0.64,0.058823529
"Raff Capashen, Ship's Mage",0.04,0.68,0.64,0.058823529
Dawn to Dusk ,0.04,0.68,0.64,0.058823529
Sound The Call,0.04,0.68,0.64,0.058823529
Albino Troll,0.04,0.68,0.64,0.058823529
Turn into a Pumpkin,0.04,0.68,0.64,0.058823529
Ray of Command,0.04,0.68,0.64,0.058823529
Howl of The Night Pack ,0.06,1.05,0.99,0.057142857
Garruk's Companion,0.04,0.71,0.67,0.056338028
Volcanic Hammer,0.04,0.71,0.67,0.056338028
Typhoid Rats ,0.04,0.71,0.67,0.056338028
Contraband Kingpin ,0.04,0.71,0.67,0.056338028
Tribute to Hunger,0.04,0.71,0.67,0.056338028
Eater of Hope ,0.04,0.75,0.71,0.053333333
Meandering Towershell ,0.04,0.75,0.71,0.053333333
Feldon's Cane,0.08,1.53,1.45,0.052287582
Tomb of The Spirit Dragon ,0.29,5.61,5.32,0.051693405
Dakkon Blackblade,0.25,4.99,4.74,0.0501002
Twins of Maurer Estate ,0.03,0.65,0.62,0.046153846
Chief of The Edge ,0.03,0.65,0.62,0.046153846
Angelic Exaltation,0.03,0.65,0.62,0.046153846
Smoke Shroud,0.03,0.65,0.62,0.046153846
Scrounging Bandar ,0.03,0.65,0.62,0.046153846
Iceberg Cancrix,0.03,0.65,0.62,0.046153846
Fiend Hunter,0.03,0.65,0.62,0.046153846
Multiform Wonder ,0.03,0.65,0.62,0.046153846
Magma Spray,0.03,0.65,0.62,0.046153846
Longtusk Cub ,0.03,0.65,0.62,0.046153846
Sage's Row Denizen ,0.03,0.65,0.62,0.046153846
Cloudform ,0.03,0.65,0.62,0.046153846
Dovin's Acuity,0.03,0.65,0.62,0.046153846
Deep Freeze,0.03,0.65,0.62,0.046153846
Consulate Skygate ,0.03,0.65,0.62,0.046153846
Essence Scatter,0.03,0.65,0.62,0.046153846
Essence Scatter ,0.03,0.65,0.62,0.046153846
Cache Raiders,0.03,0.65,0.62,0.046153846
Kraken's Eye,0.03,0.65,0.62,0.046153846
Putrid Goblin,0.03,0.65,0.62,0.046153846
Woodland Stream,0.03,0.65,0.62,0.046153846
Sporecap Spider,0.03,0.65,0.62,0.046153846
Bloodfell Caves ,0.03,0.65,0.62,0.046153846
Embodiment of Fury ,0.03,0.65,0.62,0.046153846
Soulsworn Spirit ,0.03,0.65,0.62,0.046153846
Alive // Well,0.03,0.65,0.62,0.046153846
Felidar Cub ,0.03,0.65,0.62,0.046153846
Mer-Ek Nightblade,0.03,0.65,0.62,0.046153846
Gearshift Ace ,0.03,0.65,0.62,0.046153846
Unbridled Growth ,0.03,0.65,0.62,0.046153846
Return from Extinction,0.03,0.65,0.62,0.046153846
Verdant Haven ,0.03,0.65,0.62,0.046153846
KOR Sanctifiers ,0.03,0.65,0.62,0.046153846
Murder ,0.03,0.65,0.62,0.046153846
Borderland Ranger ,0.03,0.65,0.62,0.046153846
Runic Repetition,0.03,0.65,0.62,0.046153846
Dragon Fodder ,0.03,0.68,0.65,0.044117647
Goblin Electromancer ,0.03,0.68,0.65,0.044117647
Angel's Mercy ,0.03,0.68,0.65,0.044117647
Sentinel Spider ,0.03,0.68,0.65,0.044117647
Prognostic Sphinx ,0.03,0.68,0.65,0.044117647
Relic Putrescence,0.03,0.68,0.65,0.044117647
Compelling Argument,0.03,0.68,0.65,0.044117647
Dwarven Mine,0.03,0.68,0.65,0.044117647
Plague Rats,0.03,0.68,0.65,0.044117647
Syncopate,0.03,0.68,0.65,0.044117647
Awaken The Ancient ,0.09,2.08,1.99,0.043269231
Giant Growth ,0.03,0.71,0.68,0.042253521
Staff of The Wild Magus ,0.03,0.75,0.72,0.04
Thrashing Brontodon,0.03,0.77,0.74,0.038961039
Meteor Golem,0.03,0.79,0.76,0.037974684
Loaming Shaman,0.02,0.65,0.63,0.030769231
Angel's Mercy ,0.02,0.65,0.63,0.030769231
Azra Smokeshaper,0.02,0.65,0.63,0.030769231
Rhizome Lurcher,0.02,0.65,0.63,0.030769231
Vent Sentinel,0.02,0.65,0.63,0.030769231
Prey Upon,0.02,0.65,0.63,0.030769231
Daggerdrome Imp ,0.02,0.65,0.63,0.030769231
Serene Remembrance ,0.02,0.65,0.63,0.030769231
Pondering Mage,0.02,0.65,0.63,0.030769231
Fortuitous FInd ,0.02,0.65,0.63,0.030769231
Treasure Keeper ,0.02,0.65,0.63,0.030769231
Azorius Justiciar ,0.02,0.65,0.63,0.030769231
Serra Angel,0.02,0.65,0.63,0.030769231
Battlewise Hoplite,0.02,0.65,0.63,0.030769231
Plague Mare,0.02,0.65,0.63,0.030769231
Fleshpulper Giant ,0.02,0.65,0.63,0.030769231
Inescapable Brute,0.02,0.65,0.63,0.030769231
Jwari Scuttler,0.02,0.65,0.63,0.030769231
Feral Animist ,0.02,0.65,0.63,0.030769231
Sunspire Griffin ,0.02,0.65,0.63,0.030769231
Primal Clay ,0.02,0.65,0.63,0.030769231
Dragon Mantle ,0.02,0.65,0.63,0.030769231
Nature's Panoply ,0.02,0.65,0.63,0.030769231
Shock,0.02,0.68,0.66,0.029411765
Diamond Mare,0.02,0.68,0.66,0.029411765
Embersmith,0.02,0.68,0.66,0.029411765
Glaring Aegis ,0.02,0.68,0.66,0.029411765
Faerie Duelist,0.02,0.68,0.66,0.029411765
Phantasmal Bear,0.02,0.68,0.66,0.029411765
Ondu Rising ,0.02,0.68,0.66,0.029411765
Sphinx of New Prahv,0.02,0.68,0.66,0.029411765
Demystify,0.02,0.68,0.66,0.029411765
Thornwood Falls ,0.02,0.68,0.66,0.029411765
Evolving Wilds,0.02,0.71,0.69,0.028169014
Mnemonic Wall ,0.02,0.71,0.69,0.028169014
Gravetiller Wurm ,0.02,0.71,0.69,0.028169014
Shriekgeist,0.02,0.71,0.69,0.028169014
Serra Angel ,0.02,0.71,0.69,0.028169014
Temur Charm ,0.02,0.71,0.69,0.028169014
Silburlind Snapper ,0.01,0.65,0.64,0.015384615
Moment of Heroism,0.01,0.65,0.64,0.015384615
Abomination of Gudul ,0.01,0.65,0.64,0.015384615
Rotwidow Pack,0.01,0.65,0.64,0.015384615
Cranial Archive ,0.01,0.65,0.64,0.015384615
Salt Road Quartermasters ,0.01,0.65,0.64,0.015384615
Ephara's Radiance ,0.01,0.65,0.64,0.015384615
Ongoing Investigation ,0.01,0.65,0.64,0.015384615
Shambling Ghoul ,0.01,0.65,0.64,0.015384615
Bomber Corps ,0.01,0.65,0.64,0.015384615
Plummet ,0.01,0.65,0.64,0.015384615
Abandon Reason ,0.01,0.65,0.64,0.015384615
Squelching Leeches ,0.01,0.65,0.64,0.015384615
Ghostly Possession,0.01,0.65,0.64,0.015384615
River Hoopoe,0.01,0.65,0.64,0.015384615
Ravenous Harpy,0.01,0.65,0.64,0.015384615
Reclaiming Vines ,0.01,0.65,0.64,0.015384615
Wild Instincts ,0.01,0.65,0.64,0.015384615
Bastion Mastodon ,0.01,0.65,0.64,0.015384615
Unruly Mob,0.01,0.65,0.64,0.015384615
Visionary Augmenter ,0.01,0.65,0.64,0.015384615
Tranquil Expanse ,0.01,0.65,0.64,0.015384615
Glint-Sleeve Artisan ,0.01,0.65,0.64,0.015384615
Accomplished Automaton ,0.01,0.65,0.64,0.015384615
Iron League Steed ,0.01,0.65,0.64,0.015384615
Celestial Flare ,0.01,0.65,0.64,0.015384615
Rakdos Shred-Freak ,0.01,0.65,0.64,0.015384615
Propeller Pioneer ,0.01,0.65,0.64,0.015384615
Aether Inspector ,0.01,0.65,0.64,0.015384615
Enduring Sliver,0.01,0.65,0.64,0.015384615
Thriving Turtle ,0.01,0.65,0.64,0.015384615
Pack Mastiff,0.01,0.65,0.64,0.015384615
Fan Bearer,0.01,0.65,0.64,0.015384615
in Oketra's Name,0.01,0.65,0.64,0.015384615
Destructive Tampering ,0.01,0.65,0.64,0.015384615
Inferno Hellion,0.01,0.65,0.64,0.015384615
Watcher in The Web ,0.01,0.65,0.64,0.015384615
Pensive Minotaur,0.01,0.65,0.64,0.015384615
Dutiful Return ,0.01,0.65,0.64,0.015384615
Unknown Shores ,0.01,0.65,0.64,0.015384615
Harvest Gwyllion,0.01,0.65,0.64,0.015384615
Magma Spray ,0.01,0.65,0.64,0.015384615
Child of Night,0.01,0.65,0.64,0.015384615
Duress,0.01,0.65,0.64,0.015384615
Inspiring Cleric,0.01,0.65,0.64,0.015384615
Mark of The Vampire ,0.01,0.65,0.64,0.015384615
Aerial Modification ,0.01,0.65,0.64,0.015384615
Zhur-Taa Swine ,0.01,0.65,0.64,0.015384615
Aven Skirmisher ,0.01,0.65,0.64,0.015384615
Abundant Maw ,0.01,0.65,0.64,0.015384615
Amrou Seekers,0.01,0.65,0.64,0.015384615
Apothecary Geist ,0.01,0.65,0.64,0.015384615
Faith of the Devoted,0.01,0.65,0.64,0.015384615
Guardians of Meletis ,0.01,0.65,0.64,0.015384615
Wall of One Thousand Cuts,0.01,0.65,0.64,0.015384615
Illusory Wrappings,0.01,0.65,0.64,0.015384615
Bolt of Keranos ,0.01,0.65,0.64,0.015384615
Dazzling Ramparts ,0.01,0.65,0.64,0.015384615
Stitchwing Skaab ,0.01,0.65,0.64,0.015384615
Slice in Twain,0.01,0.65,0.64,0.015384615
Feral Prowler,0.01,0.65,0.64,0.015384615
Aetherstream Leopard ,0.01,0.65,0.64,0.015384615
Lurking Arynx ,0.01,0.65,0.64,0.015384615
Spellheart Chimera ,0.01,0.65,0.64,0.015384615
Stitched Mangler,0.01,0.65,0.64,0.015384615
Natural Connection ,0.01,0.65,0.64,0.015384615
Faerie Miscreant ,0.01,0.65,0.64,0.015384615
Goblin War Paint ,0.01,0.65,0.64,0.015384615
Wall of Vines,0.01,0.65,0.64,0.015384615
Struggle // Survive,0.01,0.65,0.64,0.015384615
Trove of Temptation,0.01,0.65,0.64,0.015384615
Lava Dart,0.01,0.65,0.64,0.015384615
Thicket Crasher,0.01,0.65,0.64,0.015384615
Desecrator Hag,0.01,0.65,0.64,0.015384615
Outland Boar ,0.01,0.65,0.64,0.015384615
Matca Rioters,0.01,0.65,0.64,0.015384615
Malakir Familiar ,0.01,0.65,0.64,0.015384615
Shield Mare,0.01,0.65,0.64,0.015384615
Salvage Drone ,0.01,0.65,0.64,0.015384615
Bountiful Harvest,0.01,0.65,0.64,0.015384615
Servo Exhibition ,0.01,0.68,0.67,0.014705882
Snare Thopter ,0.01,0.68,0.67,0.014705882
Frostwalla,0.01,0.68,0.67,0.014705882
Ruin Rat,0.01,0.71,0.7,0.014084507
Twin-Silk Spider,0.01,0.71,0.7,0.014084507
Ainok Survivalist ,0.01,0.71,0.7,0.014084507
Wurm's Tooth,0.01,0.71,0.7,0.014084507
Lay Claim,0.01,0.72,0.71,0.013888889
Aerial Assault,0.01,0.75,0.74,0.013333333
Demon's Horn,0.01,0.78,0.77,0.012820513
MOX Opal ,,93.71,93.71,0
Vampiric Tutor ,,83.99,83.99,0
Dark Confidant,,43.89,43.89,0
Mana Vault,,36.7,36.7,0
Dragon Broodmother ,,33.59,33.59,0
Arcades Sabboth,,29.27,29.27,0
Carpet of Flowers,,22.87,22.87,0
Jet Medallion ,,20.58,20.58,0
Pact of Negation,,18.52,18.52,0
"Teferi, Temporal Archmage ",,16.98,16.98,0
Master Transmuter,,16.78,16.78,0
Grave Titan,,16.15,16.15,0
"Nissa, Worldwaker ",,14,14,0
Argothian Enchantress ,,12.73,12.73,0
Deepglow Skate ,,12.19,12.19,0
Forced Fruition,,11.99,11.99,0
Baneslayer Angel,,11.45,11.45,0
Temporal Mastery,,10.05,10.05,0
"Mirri, Weatherlight Duelist",,9.83,9.83,0
"Krenko, Mob Boss",,9.22,9.22,0
KOR Haven,,9.19,9.19,0
Riptide Laboratory,,8.99,8.99,0
Manamorphose,,8.88,8.88,0
"Liliana, Death Wielder",,8.19,8.19,0
Moggcatcher,,7.82,7.82,0
Birds of Paradise,,7.78,7.78,0
Warren Instigator,,7.55,7.55,0
Corpse Dance,,7.28,7.28,0
"Chandra, Bold Pyromancer",,7.27,7.27,0
Aura Thief,,7.13,7.13,0
"Alela, Artful Provocateur",,6.84,6.84,0
Magus of the Moon,,6.8,6.8,0
Ajani Vengeant,,6.25,6.25,0
"Nissa, Genesis Mage",,6.25,6.25,0
Jokulhaups,,6.16,6.16,0
Rhox Faithmender ,,5.72,5.72,0
"Ben-Ben, Akki Hermit",,5.62,5.62,0
"Teysa, Envoy of Ghosts",,5.54,5.54,0
Blazing Archon,,5.33,5.33,0
Lifeblood Hydra,,5.26,5.26,0
Orim's Thunder,,5.25,5.25,0
Glimmervoid,,5.16,5.16,0
"Doran, The Siege Tower",,5.08,5.08,0
Pemmin's Aura,,4.99,4.99,0
Glorybringer,,4.98,4.98,0
Helm of Possession,,4.87,4.87,0
Steel Overseer,,4.84,4.84,0
Polymorphist's Jest ,,4.71,4.71,0
Chandra Nalaar,,4.67,4.67,0
Blood Artist,,4.58,4.58,0
"Sorin, Solemn Visitor ",,4.49,4.49,0
Unbound Flourishing,,4.48,4.48,0
"Ib Halfheart, Goblin Tactician",,4.47,4.47,0
Olivia Voldaren,,4.39,4.39,0
Fungal Sprouting ,,4.23,4.23,0
Sunblast Angel,,4.19,4.19,0
Sword of The Paruns ,,4.19,4.19,0
Vandalblast ,,4.19,4.19,0
Heartless Hidetsugu,,4.14,4.14,0
Rite of The Raging Storm ,,4.1,4.1,0
Anger,,4.08,4.08,0
"Chulane, Teller of Tales",,4.04,4.04,0
Vindicate ,,4.04,4.04,0
Hand of The Praetors,,3.99,3.99,0
Mask of Memory,,3.99,3.99,0
"Akiri, Line-Slinger ",,3.98,3.98,0
Savageborn Hydra,,3.97,3.97,0
Debtors' Knell,,3.84,3.84,0
Sky Diamond ,,3.84,3.84,0
Proclamation of Rebirth,,3.78,3.78,0
Phyrexian Delver ,,3.76,3.76,0
Beacon of Tomorrows,,3.75,3.75,0
Ratcatcher,,3.74,3.74,0
Mirror Entity,,3.58,3.58,0
Eldrazi Displacer ,,3.55,3.55,0
Dismember ,,3.53,3.53,0
Brilliant Ultimatum,,3.43,3.43,0
Palace Jailer ,,3.18,3.18,0
Heedless One,,3.15,3.15,0
"Jace, Architect of Thought ",,3.1,3.1,0
"Akroma, Angel of Wrath",,3.05,3.05,0
Thespian's Stage ,,2.99,2.99,0
Library of Leng,,2.95,2.95,0
Wear // Tear,,2.93,2.93,0
Imperious Perfect,,2.73,2.73,0
Nomad Mythmaker,,2.67,2.67,0
Essence Warden,,2.61,2.61,0
Decimate ,,2.56,2.56,0
Tainted Wood ,,2.43,2.43,0
Nature's Chosen,,2.4,2.4,0
Hallow,,2.39,2.39,0
Astral Cornucopia ,,2.39,2.39,0
Scytheclaw ,,2.31,2.31,0
Prosperity,,2.29,2.29,0
Forbid,,2.28,2.28,0
Sunscorch Regent,,2.26,2.26,0
Control Magic ,,2.23,2.23,0
Spiteful Visions ,,2.19,2.19,0
Sunscape Familiar,,2.13,2.13,0
Brain Freeze,,2.1,2.1,0
Territorial Hellkite,,2.09,2.09,0
Dualcaster Mage ,,2.06,2.06,0
Rally The Ancestors ,,2.06,2.06,0
Part The Waterveil ,,2.04,2.04,0
Damping Sphere,,1.99,1.99,0
Rising Waters,,1.99,1.99,0
Forgotten Ancient ,,1.98,1.98,0
Daru Warchief,,1.98,1.98,0
Wall of Reverence,,1.95,1.95,0
Arcanis The Omnipotent ,,1.84,1.84,0
Hull Breach,,1.84,1.84,0
Psychic Drain,,1.81,1.81,0
Time of Need,,1.79,1.79,0
Words of Worship,,1.75,1.75,0
Launch The Fleet ,,1.73,1.73,0
Kyren Negotiations,,1.65,1.65,0
Voracious Dragon,,1.64,1.64,0
Staff of Nin ,,1.63,1.63,0
Orochi Hatchery,,1.62,1.62,0
Embargo,,1.62,1.62,0
Nezumi Graverobber,,1.59,1.59,0
Stolen Identity ,,1.56,1.56,0
"Jeleva, Nephalia's Scourge ",,1.56,1.56,0
Staff of Nin,,1.56,1.56,0
Nature's Ruin,,1.56,1.56,0
Mana Geyser,,1.55,1.55,0
Cryptoplasm,,1.55,1.55,0
Kitsune Mystic,,1.54,1.54,0
Wolfcaller's Howl ,,1.51,1.51,0
Wren's Run Packmaster,,1.51,1.51,0
Earthquake ,,1.51,1.51,0
"Taigam, Sidisi's Hand",,1.51,1.51,0
Jund Panorama ,,1.5,1.5,0
Myr Reservoir,,1.46,1.46,0
Rubinia Soulsinger ,,1.41,1.41,0
Drumhunter ,,1.4,1.4,0
Reaper of The Wilds ,,1.37,1.37,0
"Bruna, Light of Alabaster",,1.35,1.35,0
Tithe Taker,,1.34,1.34,0
Red Sun's Zenith,,1.31,1.31,0
Fighting Chance,,1.31,1.31,0
Angelic Voices,,1.28,1.28,0
Curiosity,,1.25,1.25,0
Desecration Demon ,,1.2,1.2,0
Mirari ,,1.17,1.17,0
Turntimber Ranger ,,1.17,1.17,0
Stormtide Leviathan,,1.13,1.13,0
Stormtide Leviathan ,,1.12,1.12,0
Backlash,,1.12,1.12,0
Vivid Crag,,1.11,1.11,0
Icefall Regent ,,1.05,1.05,0
Grappling Hook ,,1.05,1.05,0
Essence Flux ,,1.04,1.04,0
Fireshrieker ,,1.04,1.04,0
Tyrant's Familiar ,,1.04,1.04,0
Symbiotic Wurm,,1.04,1.04,0
Spirit of The Hearth,,1.04,1.04,0
Mountain Valley,,1.04,1.04,0
Mogg Assassin,,1.04,1.04,0
Calciform Pools,,1.04,1.04,0
Lapse of Certainty,,1.02,1.02,0
Chain Reaction,,1.02,1.02,0
Chief Engineer ,,1.01,1.01,0
Inspiring Call,,1,1,0
Archon of Justice,,0.99,0.99,0
Hyena Umbra,,0.98,0.98,0
Evil Twin,,0.93,0.93,0
Forgestoker Dragon ,,0.92,0.92,0
Earthquake,,0.91,0.91,0
Deathreap Ritual,,0.9,0.9,0
Spine of Ish SAH,,0.89,0.89,0
Moltensteel Dragon,,0.88,0.88,0
Unexpected Results ,,0.87,0.87,0
Wren's Run Packmaster,,0.85,0.85,0
Colossal Might,,0.85,0.85,0
Never // Return,,0.84,0.84,0
Spine of Ish SAH ,,0.82,0.82,0
Oblation,,0.79,0.79,0
Ashling's Prerogative,,0.79,0.79,0
Skeletal Vampire,,0.79,0.79,0
Mesa Enchantress,,0.78,0.78,0
Vivid Crag,,0.77,0.77,0
Hostility ,,0.77,0.77,0
Body Double ,,0.75,0.75,0
Talent of The Telepath ,,0.75,0.75,0
Summary Dismissal ,,0.75,0.75,0
Mindscour Dragon ,,0.75,0.75,0
Dawnbringer Charioteers ,,0.75,0.75,0
Rathi Assassin,,0.75,0.75,0
Ulvenwald Tracker,,0.74,0.74,0
Spirit of The Labyrinth ,,0.71,0.71,0
Scab-Clan Berserker ,,0.71,0.71,0
Soulcage Fiend ,,0.71,0.71,0
Sulfuric Vortex,,0.71,0.71,0
Dimir Doppelganger,,0.71,0.71,0
Battleground Geist,,0.71,0.71,0
Skyclaw Thrash,,0.71,0.71,0
Respite ,,0.71,0.71,0
Gutter Grime,,0.71,0.71,0
Djinn of Infinite Deceits ,,0.71,0.71,0
"Dromoka, The Eternal ",,0.7,0.7,0
Into The Wilds ,,0.68,0.68,0
Unwind,,0.68,0.68,0
Plasm Capture ,,0.68,0.68,0
Collective Blessing ,,0.68,0.68,0
Tilonalli's Summoner,,0.68,0.68,0
Hedron Matrix ,,0.68,0.68,0
Soul's Fire,,0.68,0.68,0
Zhur-Taa Ancient,,0.68,0.68,0
Graceblade Artisan ,,0.68,0.68,0
Fertilid,,0.68,0.68,0
Chainbreaker,,0.68,0.68,0
Rakish Heir,,0.68,0.68,0
Coral Fighters,,0.68,0.68,0
Colossal Whale ,,0.68,0.68,0
Bloodflow Connoisseur ,,0.68,0.68,0
Growth Spasm,,0.68,0.68,0
Predatory Hunger,,0.68,0.68,0
Bone Shredder,,0.68,0.68,0
"Kuro, Pitlord",,0.68,0.68,0
Trace of Abundance,,0.68,0.68,0
Notorious Assassin,,0.68,0.68,0
Prized Elephant ,,0.68,0.68,0
Excavation Elephant,,0.68,0.68,0
Scrapdiver Serpent,,0.68,0.68,0
Gwyllion Hedge-Mage,,0.68,0.68,0
Arena Athlete ,,0.68,0.68,0
Evangelize,,0.68,0.68,0
Valorous Stance ,,0.67,0.67,0
Supplant Form ,,0.65,0.65,0
Fuel for the Cause,,0.65,0.65,0
Blazethorn Scarecrow,,0.65,0.65,0
Radiant Fountain,,0.65,0.65,0
Shell Skulkin,,0.65,0.65,0
Mogg War Marshal ,,0.65,0.65,0
Rot Wolf,,0.65,0.65,0
Cackling Counterpart,,0.65,0.65,0
Dimir Keyrune ,,0.65,0.65,0
Simic Manipulator ,,0.65,0.65,0
Antler Skulkin,,0.65,0.65,0
Fang Skulkin,,0.65,0.65,0
Familiar's Ruse,,0.65,0.65,0
Hundred-Handed One ,,0.65,0.65,0
Possessed Skaab ,,0.65,0.65,0
Jawbone Skulkin,,0.65,0.65,0
Clinging Mists ,,0.65,0.65,0
Chittering Rats,,0.65,0.65,0
Greenseeker,,0.65,0.65,0
Treasured Find ,,0.65,0.65,0
One-Eyed Scarecrow,,0.65,0.65,0
Ranger's Path ,,0.65,0.65,0
Paranoid Delusions ,,0.65,0.65,0
Shared Trauma,,0.65,0.65,0
Bond Beetle ,,0.65,0.65,0
Sultai Soothsayer ,,0.65,0.65,0
Horizon Spellbomb,,0.65,0.65,0
Bonds of Faith,,0.65,0.65,0
Topplegeist,,0.65,0.65,0
Jeering Instigator ,,0.65,0.65,0
Paragon of Fierce Defiance ,,0.65,0.65,0
Nature's Claim ,,0.65,0.65,0
Renegade Freighter ,,0.65,0.65,0
Apothecary Initiate,,0.65,0.65,0
Felhide Minotaur ,,0.65,0.65,0
Elemental Appeal ,,0.65,0.65,0
Longshot Squad ,,0.65,0.65,0
Curse of Death's Hold,,0.65,0.65,0
Azorius Guildmage,,0.65,0.65,0
Godtracker of Jund,,0.65,0.65,0
Emrakul's Hatcher,,0.65,0.65,0
Shadows of The Past ,,0.65,0.65,0
Rakish Heir,,0.65,0.65,0
Khalni Gem ,,0.65,0.65,0
Pyroclasm,,0.65,0.65,0
Banishing Stroke ,,0.65,0.65,0
Warden of The Beyond ,,0.65,0.65,0
Rimewind Cryomancer,,0.65,0.65,0
Angel of Deliverance,,0.65,0.65,0
